[{"model": "admin.logentry", "pk": 1, "fields": {"action_time": "2024-04-25T16:28:18.022Z", "user": 1, "content_type": 12, "object_id": "1", "object_repr": "Картины", "action_flag": 1, "change_message": "[{\"added\": {}}]"}}, {"model": "admin.logentry", "pk": 2, "fields": {"action_time": "2024-04-25T16:29:02.313Z", "user": 1, "content_type": 12, "object_id": "2", "object_repr": "Музыка", "action_flag": 1, "change_message": "[{\"added\": {}}]"}}, {"model": "admin.logentry", "pk": 3, "fields": {"action_time": "2024-04-25T16:29:20.746Z", "user": 1, "content_type": 12, "object_id": "2", "object_repr": "МУЗЫКА", "action_flag": 2, "change_message": "[{\"changed\": {\"fields\": [\"\\u0422\\u0435\\u043c\\u0430 \\u043e\\u0431\\u0440\\u0430\\u0449\\u0435\\u043d\\u0438\\u044f [ru]\", \"\\u0422\\u0435\\u043c\\u0430 \\u043e\\u0431\\u0440\\u0430\\u0449\\u0435\\u043d\\u0438\\u044f [en]\", \"\\u0422\\u0435\\u043c\\u0430 \\u043e\\u0431\\u0440\\u0430\\u0449\\u0435\\u043d\\u0438\\u044f [fr]\"]}}]"}}, {"model": "admin.logentry", "pk": 4, "fields": {"action_time": "2024-04-25T16:29:26.331Z", "user": 1, "content_type": 12, "object_id": "1", "object_repr": "КАРТИНЫ", "action_flag": 2, "change_message": "[{\"changed\": {\"fields\": [\"\\u0422\\u0435\\u043c\\u0430 \\u043e\\u0431\\u0440\\u0430\\u0449\\u0435\\u043d\\u0438\\u044f [ru]\"]}}]"}}, {"model": "admin.logentry", "pk": 5, "fields": {"action_time": "2024-04-25T16:30:20.971Z", "user": 1, "content_type": 12, "object_id": "3", "object_repr": "ДИЗАЙН", "action_flag": 1, "change_message": "[{\"added\": {}}]"}}, {"model": "admin.logentry", "pk": 6, "fields": {"action_time": "2024-04-25T16:30:59.259Z", "user": 1, "content_type": 12, "object_id": "4", "object_repr": "ВИДЕО", "action_flag": 1, "change_message": "[{\"added\": {}}]"}}, {"model": "admin.logentry", "pk": 7, "fields": {"action_time": "2024-04-25T16:31:32.756Z", "user": 1, "content_type": 12, "object_id": "5", "object_repr": "ФОТОГРАФИЯ", "action_flag": 1, "change_message": "[{\"added\": {}}]"}}, {"model": "admin.logentry", "pk": 8, "fields": {"action_time": "2024-04-25T16:32:03.114Z", "user": 1, "content_type": 12, "object_id": "6", "object_repr": "ДРУГОЕ", "action_flag": 1, "change_message": "[{\"added\": {}}]"}}, {"model": "admin.logentry", "pk": 9, "fields": {"action_time": "2024-04-25T16:40:09.109Z", "user": 1, "content_type": 7, "object_id": "1", "object_repr": "Михаил Смирнов: \"Точки зрения\"", "action_flag": 1, "change_message": "[{\"added\": {}}]"}}, {"model": "admin.logentry", "pk": 10, "fields": {"action_time": "2024-04-25T16:40:16.570Z", "user": 1, "content_type": 7, "object_id": "2", "object_repr": "Михаил Смирнов: \"Точки зрения\"", "action_flag": 1, "change_message": "[{\"added\": {}}]"}}, {"model": "admin.logentry", "pk": 11, "fields": {"action_time": "2024-04-25T16:40:45.631Z", "user": 1, "content_type": 7, "object_id": "2", "object_repr": "Алексей Степов: \"Точки зрения\"", "action_flag": 2, "change_message": "[{\"changed\": {\"fields\": [\"\\u0418\\u043c\\u044f \\u0438 \\u0444\\u0430\\u043c\\u0438\\u043b\\u0438\\u044f [ru]\", \"\\u0424\\u043e\\u0442\\u043e\"]}}]"}}, {"model": "admin.logentry", "pk": 12, "fields": {"action_time": "2024-04-25T16:40:52.740Z", "user": 1, "content_type": 7, "object_id": "3", "object_repr": "Алексей Степов: \"Точки зрения\"", "action_flag": 1, "change_message": "[{\"added\": {}}]"}}, {"model": "admin.logentry", "pk": 13, "fields": {"action_time": "2024-04-25T16:41:12.866Z", "user": 1, "content_type": 7, "object_id": "3", "object_repr": "Алексей Степов: \"Точки зрения\"", "action_flag": 2, "change_message": "[]"}}, {"model": "admin.logentry", "pk": 14, "fields": {"action_time": "2024-04-25T16:41:40.764Z", "user": 1, "content_type": 7, "object_id": "2", "object_repr": "Алексей Степов: \"Точки зрения\"", "action_flag": 2, "change_message": "[{\"changed\": {\"fields\": [\"\\u0411\\u0438\\u043e\\u0433\\u0440\\u0430\\u0444\\u0438\\u044f [ru]\"]}}]"}}, {"model": "admin.logentry", "pk": 15, "fields": {"action_time": "2024-04-25T16:42:48.369Z", "user": 1, "content_type": 7, "object_id": "3", "object_repr": "Артур Манукян: \"Точки зрения\"", "action_flag": 2, "change_message": "[{\"changed\": {\"fields\": [\"\\u0418\\u043c\\u044f \\u0438 \\u0444\\u0430\\u043c\\u0438\\u043b\\u0438\\u044f [ru]\", \"\\u0411\\u0438\\u043e\\u0433\\u0440\\u0430\\u0444\\u0438\\u044f [ru]\", \"\\u0424\\u043e\\u0442\\u043e\"]}}]"}}, {"model": "admin.logentry", "pk": 16, "fields": {"action_time": "2024-04-25T16:43:22.568Z", "user": 1, "content_type": 7, "object_id": "4", "object_repr": "Артур Манукян: \"Точки зрения\"", "action_flag": 1, "change_message": "[{\"added\": {}}]"}}, {"model": "admin.logentry", "pk": 17, "fields": {"action_time": "2024-04-25T16:44:09.900Z", "user": 1, "content_type": 7, "object_id": "4", "object_repr": "Анна Гунина: \"Точки зрения\"", "action_flag": 2, "change_message": "[{\"changed\": {\"fields\": [\"\\u0418\\u043c\\u044f \\u0438 \\u0444\\u0430\\u043c\\u0438\\u043b\\u0438\\u044f [ru]\", \"\\u0411\\u0438\\u043e\\u0433\\u0440\\u0430\\u0444\\u0438\\u044f [ru]\", \"\\u0424\\u043e\\u0442\\u043e\"]}}]"}}, {"model": "admin.logentry", "pk": 18, "fields": {"action_time": "2024-04-25T16:45:48.313Z", "user": 1, "content_type": 7, "object_id": "5", "object_repr": "Анна Гунина: \"Точки зрения\"", "action_flag": 1, "change_message": "[{\"added\": {}}]"}}, {"model": "admin.logentry", "pk": 19, "fields": {"action_time": "2024-04-25T16:47:10.272Z", "user": 1, "content_type": 7, "object_id": "5", "object_repr": "Роза Сайфулина: \"Точки зрения\"", "action_flag": 2, "change_message": "[{\"changed\": {\"fields\": [\"\\u0418\\u043c\\u044f \\u0438 \\u0444\\u0430\\u043c\\u0438\\u043b\\u0438\\u044f [ru]\", \"\\u0411\\u0440\\u0435\\u043d\\u0434 [en]\", \"\\u0411\\u0440\\u0435\\u043d\\u0434 [fr]\", \"\\u0411\\u0438\\u043e\\u0433\\u0440\\u0430\\u0444\\u0438\\u044f [ru]\", \"\\u0424\\u043e\\u0442\\u043e\"]}}]"}}, {"model": "admin.logentry", "pk": 20, "fields": {"action_time": "2024-04-25T16:47:38.198Z", "user": 1, "content_type": 7, "object_id": "6", "object_repr": "Роза Сайфулина: \"Точки зрения\"", "action_flag": 1, "change_message": "[{\"added\": {}}]"}}, {"model": "admin.logentry", "pk": 21, "fields": {"action_time": "2024-04-25T16:49:08.021Z", "user": 1, "content_type": 7, "object_id": "6", "object_repr": "Дарья Володина: \"Точки зрения\"", "action_flag": 2, "change_message": "[{\"changed\": {\"fields\": [\"\\u0418\\u043c\\u044f \\u0438 \\u0444\\u0430\\u043c\\u0438\\u043b\\u0438\\u044f [ru]\", \"\\u0411\\u0438\\u043e\\u0433\\u0440\\u0430\\u0444\\u0438\\u044f [ru]\", \"\\u0424\\u043e\\u0442\\u043e\"]}}]"}}, {"model": "admin.logentry", "pk": 22, "fields": {"action_time": "2024-04-25T16:49:12.710Z", "user": 1, "content_type": 7, "object_id": "7", "object_repr": "Дарья Володина: \"Точки зрения\"", "action_flag": 1, "change_message": "[{\"added\": {}}]"}}, {"model": "admin.logentry", "pk": 23, "fields": {"action_time": "2024-04-25T16:50:34.300Z", "user": 1, "content_type": 7, "object_id": "7", "object_repr": "Генри Аведян: \"Точки зрения\"", "action_flag": 2, "change_message": "[{\"changed\": {\"fields\": [\"\\u0418\\u043c\\u044f \\u0438 \\u0444\\u0430\\u043c\\u0438\\u043b\\u0438\\u044f [ru]\", \"\\u0418\\u043c\\u044f \\u0438 \\u0444\\u0430\\u043c\\u0438\\u043b\\u0438\\u044f [en]\", \"\\u0418\\u043c\\u044f \\u0438 \\u0444\\u0430\\u043c\\u0438\\u043b\\u0438\\u044f [fr]\", \"\\u0411\\u0438\\u043e\\u0433\\u0440\\u0430\\u0444\\u0438\\u044f [ru]\", \"\\u0424\\u043e\\u0442\\u043e\"]}}]"}}, {"model": "admin.logentry", "pk": 24, "fields": {"action_time": "2024-04-25T16:50:41.486Z", "user": 1, "content_type": 7, "object_id": "8", "object_repr": "Генри Аведян: \"Точки зрения\"", "action_flag": 1, "change_message": "[{\"added\": {}}]"}}, {"model": "admin.logentry", "pk": 25, "fields": {"action_time": "2024-04-25T16:51:34.843Z", "user": 1, "content_type": 7, "object_id": "8", "object_repr": "Люсиль Коллард: \"Точки зрения\"", "action_flag": 2, "change_message": "[{\"changed\": {\"fields\": [\"\\u0418\\u043c\\u044f \\u0438 \\u0444\\u0430\\u043c\\u0438\\u043b\\u0438\\u044f [ru]\", \"\\u0418\\u043c\\u044f \\u0438 \\u0444\\u0430\\u043c\\u0438\\u043b\\u0438\\u044f [en]\", \"\\u0418\\u043c\\u044f \\u0438 \\u0444\\u0430\\u043c\\u0438\\u043b\\u0438\\u044f [fr]\", \"\\u0424\\u043e\\u0442\\u043e\"]}}]"}}, {"model": "admin.logentry", "pk": 26, "fields": {"action_time": "2024-04-25T16:52:37.627Z", "user": 1, "content_type": 7, "object_id": "8", "object_repr": "Андрей Гунявин: \"Точки зрения\"", "action_flag": 2, "change_message": "[{\"changed\": {\"fields\": [\"\\u0418\\u043c\\u044f \\u0438 \\u0444\\u0430\\u043c\\u0438\\u043b\\u0438\\u044f [ru]\", \"\\u0418\\u043c\\u044f \\u0438 \\u0444\\u0430\\u043c\\u0438\\u043b\\u0438\\u044f [en]\", \"\\u0418\\u043c\\u044f \\u0438 \\u0444\\u0430\\u043c\\u0438\\u043b\\u0438\\u044f [fr]\"]}}]"}}, {"model": "admin.logentry", "pk": 27, "fields": {"action_time": "2024-04-25T16:53:25.041Z", "user": 1, "content_type": 7, "object_id": "8", "object_repr": "Люсиль Коллард: \"Точки зрения\"", "action_flag": 2, "change_message": "[{\"changed\": {\"fields\": [\"\\u0418\\u043c\\u044f \\u0438 \\u0444\\u0430\\u043c\\u0438\\u043b\\u0438\\u044f [ru]\", \"\\u0418\\u043c\\u044f \\u0438 \\u0444\\u0430\\u043c\\u0438\\u043b\\u0438\\u044f [en]\", \"\\u0418\\u043c\\u044f \\u0438 \\u0444\\u0430\\u043c\\u0438\\u043b\\u0438\\u044f [fr]\"]}}]"}}, {"model": "admin.logentry", "pk": 28, "fields": {"action_time": "2024-04-25T16:53:28.133Z", "user": 1, "content_type": 7, "object_id": "9", "object_repr": "Люсиль Коллард: \"Точки зрения\"", "action_flag": 1, "change_message": "[{\"added\": {}}]"}}, {"model": "admin.logentry", "pk": 29, "fields": {"action_time": "2024-04-25T16:55:21.123Z", "user": 1, "content_type": 7, "object_id": "9", "object_repr": "Андрей Гунявин: \"Точки зрения\"", "action_flag": 2, "change_message": "[{\"changed\": {\"fields\": [\"\\u0418\\u043c\\u044f \\u0438 \\u0444\\u0430\\u043c\\u0438\\u043b\\u0438\\u044f [ru]\", \"\\u0418\\u043c\\u044f \\u0438 \\u0444\\u0430\\u043c\\u0438\\u043b\\u0438\\u044f [en]\", \"\\u0418\\u043c\\u044f \\u0438 \\u0444\\u0430\\u043c\\u0438\\u043b\\u0438\\u044f [fr]\", \"\\u0411\\u0438\\u043e\\u0433\\u0440\\u0430\\u0444\\u0438\\u044f [ru]\", \"\\u0411\\u0438\\u043e\\u0433\\u0440\\u0430\\u0444\\u0438\\u044f [en]\", \"\\u0411\\u0438\\u043e\\u0433\\u0440\\u0430\\u0444\\u0438\\u044f [fr]\", \"\\u0424\\u043e\\u0442\\u043e\"]}}]"}}, {"model": "admin.logentry", "pk": 30, "fields": {"action_time": "2024-04-25T16:55:57.516Z", "user": 1, "content_type": 7, "object_id": "8", "object_repr": "Люсиль Коллард: \"Точки зрения\"", "action_flag": 2, "change_message": "[{\"changed\": {\"fields\": [\"\\u0411\\u0438\\u043e\\u0433\\u0440\\u0430\\u0444\\u0438\\u044f [en]\", \"\\u0411\\u0438\\u043e\\u0433\\u0440\\u0430\\u0444\\u0438\\u044f [fr]\"]}}]"}}, {"model": "admin.logentry", "pk": 31, "fields": {"action_time": "2024-04-25T16:56:24.007Z", "user": 1, "content_type": 7, "object_id": "7", "object_repr": "Генри Аведян: \"Точки зрения\"", "action_flag": 2, "change_message": "[{\"changed\": {\"fields\": [\"\\u0411\\u0438\\u043e\\u0433\\u0440\\u0430\\u0444\\u0438\\u044f [en]\", \"\\u0411\\u0438\\u043e\\u0433\\u0440\\u0430\\u0444\\u0438\\u044f [fr]\"]}}]"}}, {"model": "admin.logentry", "pk": 32, "fields": {"action_time": "2024-04-25T16:58:22.841Z", "user": 1, "content_type": 7, "object_id": "6", "object_repr": "Дарья Володина: \"Точки зрения\"", "action_flag": 2, "change_message": "[{\"changed\": {\"fields\": [\"\\u0418\\u043c\\u044f \\u0438 \\u0444\\u0430\\u043c\\u0438\\u043b\\u0438\\u044f [en]\", \"\\u0418\\u043c\\u044f \\u0438 \\u0444\\u0430\\u043c\\u0438\\u043b\\u0438\\u044f [fr]\", \"\\u0411\\u0438\\u043e\\u0433\\u0440\\u0430\\u0444\\u0438\\u044f [en]\", \"\\u0411\\u0438\\u043e\\u0433\\u0440\\u0430\\u0444\\u0438\\u044f [fr]\"]}}]"}}, {"model": "admin.logentry", "pk": 33, "fields": {"action_time": "2024-04-25T16:59:14.350Z", "user": 1, "content_type": 7, "object_id": "5", "object_repr": "Роза Сайфулина: \"Точки зрения\"", "action_flag": 2, "change_message": "[{\"changed\": {\"fields\": [\"\\u0418\\u043c\\u044f \\u0438 \\u0444\\u0430\\u043c\\u0438\\u043b\\u0438\\u044f [en]\", \"\\u0418\\u043c\\u044f \\u0438 \\u0444\\u0430\\u043c\\u0438\\u043b\\u0438\\u044f [fr]\", \"\\u0411\\u0438\\u043e\\u0433\\u0440\\u0430\\u0444\\u0438\\u044f [en]\", \"\\u0411\\u0438\\u043e\\u0433\\u0440\\u0430\\u0444\\u0438\\u044f [fr]\"]}}]"}}, {"model": "admin.logentry", "pk": 34, "fields": {"action_time": "2024-04-25T17:00:43.087Z", "user": 1, "content_type": 7, "object_id": "4", "object_repr": "Анна Гунина: \"Точки зрения\"", "action_flag": 2, "change_message": "[{\"changed\": {\"fields\": [\"\\u0418\\u043c\\u044f \\u0438 \\u0444\\u0430\\u043c\\u0438\\u043b\\u0438\\u044f [en]\", \"\\u0418\\u043c\\u044f \\u0438 \\u0444\\u0430\\u043c\\u0438\\u043b\\u0438\\u044f [fr]\", \"\\u0411\\u0440\\u0435\\u043d\\u0434 [en]\", \"\\u0411\\u0440\\u0435\\u043d\\u0434 [fr]\", \"\\u0411\\u0438\\u043e\\u0433\\u0440\\u0430\\u0444\\u0438\\u044f [en]\", \"\\u0411\\u0438\\u043e\\u0433\\u0440\\u0430\\u0444\\u0438\\u044f [fr]\"]}}]"}}, {"model": "admin.logentry", "pk": 35, "fields": {"action_time": "2024-04-25T17:01:55.758Z", "user": 1, "content_type": 7, "object_id": "3", "object_repr": "Артур Манукян: \"Точки зрения\"", "action_flag": 2, "change_message": "[{\"changed\": {\"fields\": [\"\\u0418\\u043c\\u044f \\u0438 \\u0444\\u0430\\u043c\\u0438\\u043b\\u0438\\u044f [en]\", \"\\u0418\\u043c\\u044f \\u0438 \\u0444\\u0430\\u043c\\u0438\\u043b\\u0438\\u044f [fr]\", \"\\u0411\\u0440\\u0435\\u043d\\u0434 [en]\", \"\\u0411\\u0440\\u0435\\u043d\\u0434 [fr]\", \"\\u0411\\u0438\\u043e\\u0433\\u0440\\u0430\\u0444\\u0438\\u044f [en]\", \"\\u0411\\u0438\\u043e\\u0433\\u0440\\u0430\\u0444\\u0438\\u044f [fr]\"]}}]"}}, {"model": "admin.logentry", "pk": 36, "fields": {"action_time": "2024-04-25T17:03:40.254Z", "user": 1, "content_type": 7, "object_id": "2", "object_repr": "Алексей Степов: \"Точки зрения\"", "action_flag": 2, "change_message": "[{\"changed\": {\"fields\": [\"\\u0418\\u043c\\u044f \\u0438 \\u0444\\u0430\\u043c\\u0438\\u043b\\u0438\\u044f [en]\", \"\\u0418\\u043c\\u044f \\u0438 \\u0444\\u0430\\u043c\\u0438\\u043b\\u0438\\u044f [fr]\", \"\\u0411\\u0440\\u0435\\u043d\\u0434 [en]\", \"\\u0411\\u0440\\u0435\\u043d\\u0434 [fr]\", \"\\u0411\\u0438\\u043e\\u0433\\u0440\\u0430\\u0444\\u0438\\u044f [en]\", \"\\u0411\\u0438\\u043e\\u0433\\u0440\\u0430\\u0444\\u0438\\u044f [fr]\"]}}]"}}, {"model": "admin.logentry", "pk": 37, "fields": {"action_time": "2024-04-25T17:04:48.367Z", "user": 1, "content_type": 7, "object_id": "1", "object_repr": "Михаил Смирнов: \"Точки зрения\"", "action_flag": 2, "change_message": "[{\"changed\": {\"fields\": [\"\\u0418\\u043c\\u044f \\u0438 \\u0444\\u0430\\u043c\\u0438\\u043b\\u0438\\u044f [en]\", \"\\u0418\\u043c\\u044f \\u0438 \\u0444\\u0430\\u043c\\u0438\\u043b\\u0438\\u044f [fr]\", \"\\u0411\\u0440\\u0435\\u043d\\u0434 [en]\", \"\\u0411\\u0440\\u0435\\u043d\\u0434 [fr]\", \"\\u0411\\u0438\\u043e\\u0433\\u0440\\u0430\\u0444\\u0438\\u044f [en]\", \"\\u0411\\u0438\\u043e\\u0433\\u0440\\u0430\\u0444\\u0438\\u044f [fr]\"]}}]"}}, {"model": "admin.logentry", "pk": 38, "fields": {"action_time": "2024-04-25T18:03:22.950Z", "user": 1, "content_type": 11, "object_id": "1", "object_repr": "ПРОВЕСТИ", "action_flag": 1, "change_message": "[{\"added\": {}}]"}}, {"model": "admin.logentry", "pk": 39, "fields": {"action_time": "2024-04-25T18:05:54.609Z", "user": 1, "content_type": 11, "object_id": "2", "object_repr": "ПРОВЕСТИ", "action_flag": 1, "change_message": "[{\"added\": {}}]"}}, {"model": "admin.logentry", "pk": 40, "fields": {"action_time": "2024-04-25T18:07:43.792Z", "user": 1, "content_type": 11, "object_id": "2", "object_repr": "ДОПОЛНИТЬ", "action_flag": 2, "change_message": "[{\"changed\": {\"fields\": [\"\\u041d\\u0430\\u0437\\u0432\\u0430\\u043d\\u0438\\u0435 \\u0441\\u043a\\u0438\\u043b\\u043b\\u0430 [ru]\", \"\\u041d\\u0430\\u0437\\u0432\\u0430\\u043d\\u0438\\u0435 \\u0441\\u043a\\u0438\\u043b\\u043b\\u0430 [en]\", \"\\u041d\\u0430\\u0437\\u0432\\u0430\\u043d\\u0438\\u0435 \\u0441\\u043a\\u0438\\u043b\\u043b\\u0430 [fr]\", \"\\u041e\\u043f\\u0438\\u0441\\u0430\\u043d\\u0438\\u0435 \\u0441\\u043a\\u0438\\u043b\\u043b\\u0430 [ru]\", \"\\u041e\\u043f\\u0438\\u0441\\u0430\\u043d\\u0438\\u0435 \\u0441\\u043a\\u0438\\u043b\\u043b\\u0430 [en]\", \"\\u041e\\u043f\\u0438\\u0441\\u0430\\u043d\\u0438\\u0435 \\u0441\\u043a\\u0438\\u043b\\u043b\\u0430 [fr]\", \"\\u0418\\u0437\\u043e\\u0431\\u0440\\u0430\\u0436\\u0435\\u043d\\u0438\\u0435 \\u0441\\u043a\\u0438\\u043b\\u043b\\u0430\"]}}]"}}, {"model": "admin.logentry", "pk": 41, "fields": {"action_time": "2024-04-25T18:07:56.222Z", "user": 1, "content_type": 11, "object_id": "3", "object_repr": "ДОПОЛНИТЬ", "action_flag": 1, "change_message": "[{\"added\": {}}]"}}, {"model": "admin.logentry", "pk": 42, "fields": {"action_time": "2024-04-25T18:09:15.078Z", "user": 1, "content_type": 11, "object_id": "3", "object_repr": "ПЕРЕВЕСТИ", "action_flag": 2, "change_message": "[{\"changed\": {\"fields\": [\"\\u041d\\u0430\\u0437\\u0432\\u0430\\u043d\\u0438\\u0435 \\u0441\\u043a\\u0438\\u043b\\u043b\\u0430 [ru]\", \"\\u041d\\u0430\\u0437\\u0432\\u0430\\u043d\\u0438\\u0435 \\u0441\\u043a\\u0438\\u043b\\u043b\\u0430 [en]\", \"\\u041d\\u0430\\u0437\\u0432\\u0430\\u043d\\u0438\\u0435 \\u0441\\u043a\\u0438\\u043b\\u043b\\u0430 [fr]\", \"\\u041e\\u043f\\u0438\\u0441\\u0430\\u043d\\u0438\\u0435 \\u0441\\u043a\\u0438\\u043b\\u043b\\u0430 [ru]\", \"\\u041e\\u043f\\u0438\\u0441\\u0430\\u043d\\u0438\\u0435 \\u0441\\u043a\\u0438\\u043b\\u043b\\u0430 [en]\", \"\\u041e\\u043f\\u0438\\u0441\\u0430\\u043d\\u0438\\u0435 \\u0441\\u043a\\u0438\\u043b\\u043b\\u0430 [fr]\", \"\\u0418\\u0437\\u043e\\u0431\\u0440\\u0430\\u0436\\u0435\\u043d\\u0438\\u0435 \\u0441\\u043a\\u0438\\u043b\\u043b\\u0430\"]}}]"}}, {"model": "admin.logentry", "pk": 43, "fields": {"action_time": "2024-04-25T18:09:18.740Z", "user": 1, "content_type": 11, "object_id": "4", "object_repr": "ПЕРЕВЕСТИ", "action_flag": 1, "change_message": "[{\"added\": {}}]"}}, {"model": "admin.logentry", "pk": 44, "fields": {"action_time": "2024-04-25T18:12:27.871Z", "user": 1, "content_type": 11, "object_id": "4", "object_repr": "ПРЕПОДНЕСТИ", "action_flag": 2, "change_message": "[{\"changed\": {\"fields\": [\"\\u041d\\u0430\\u0437\\u0432\\u0430\\u043d\\u0438\\u0435 \\u0441\\u043a\\u0438\\u043b\\u043b\\u0430 [ru]\", \"\\u041d\\u0430\\u0437\\u0432\\u0430\\u043d\\u0438\\u0435 \\u0441\\u043a\\u0438\\u043b\\u043b\\u0430 [en]\", \"\\u041d\\u0430\\u0437\\u0432\\u0430\\u043d\\u0438\\u0435 \\u0441\\u043a\\u0438\\u043b\\u043b\\u0430 [fr]\", \"\\u041e\\u043f\\u0438\\u0441\\u0430\\u043d\\u0438\\u0435 \\u0441\\u043a\\u0438\\u043b\\u043b\\u0430 [ru]\", \"\\u041e\\u043f\\u0438\\u0441\\u0430\\u043d\\u0438\\u0435 \\u0441\\u043a\\u0438\\u043b\\u043b\\u0430 [en]\", \"\\u041e\\u043f\\u0438\\u0441\\u0430\\u043d\\u0438\\u0435 \\u0441\\u043a\\u0438\\u043b\\u043b\\u0430 [fr]\", \"\\u0418\\u0437\\u043e\\u0431\\u0440\\u0430\\u0436\\u0435\\u043d\\u0438\\u0435 \\u0441\\u043a\\u0438\\u043b\\u043b\\u0430\"]}}]"}}, {"model": "admin.logentry", "pk": 45, "fields": {"action_time": "2024-04-25T18:12:33.387Z", "user": 1, "content_type": 11, "object_id": "5", "object_repr": "ПРЕПОДНЕСТИ", "action_flag": 1, "change_message": "[{\"added\": {}}]"}}, {"model": "admin.logentry", "pk": 46, "fields": {"action_time": "2024-04-25T18:14:24.659Z", "user": 1, "content_type": 11, "object_id": "5", "object_repr": "РАСКРЫТЬ ХУДОЖНИКА", "action_flag": 2, "change_message": "[{\"changed\": {\"fields\": [\"\\u041d\\u0430\\u0437\\u0432\\u0430\\u043d\\u0438\\u0435 \\u0441\\u043a\\u0438\\u043b\\u043b\\u0430 [ru]\", \"\\u041d\\u0430\\u0437\\u0432\\u0430\\u043d\\u0438\\u0435 \\u0441\\u043a\\u0438\\u043b\\u043b\\u0430 [en]\", \"\\u041d\\u0430\\u0437\\u0432\\u0430\\u043d\\u0438\\u0435 \\u0441\\u043a\\u0438\\u043b\\u043b\\u0430 [fr]\", \"\\u041e\\u043f\\u0438\\u0441\\u0430\\u043d\\u0438\\u0435 \\u0441\\u043a\\u0438\\u043b\\u043b\\u0430 [ru]\", \"\\u041e\\u043f\\u0438\\u0441\\u0430\\u043d\\u0438\\u0435 \\u0441\\u043a\\u0438\\u043b\\u043b\\u0430 [en]\", \"\\u041e\\u043f\\u0438\\u0441\\u0430\\u043d\\u0438\\u0435 \\u0441\\u043a\\u0438\\u043b\\u043b\\u0430 [fr]\", \"\\u0418\\u0437\\u043e\\u0431\\u0440\\u0430\\u0436\\u0435\\u043d\\u0438\\u0435 \\u0441\\u043a\\u0438\\u043b\\u043b\\u0430\"]}}]"}}, {"model": "admin.logentry", "pk": 47, "fields": {"action_time": "2024-04-25T18:14:28.054Z", "user": 1, "content_type": 11, "object_id": "6", "object_repr": "РАСКРЫТЬ ХУДОЖНИКА", "action_flag": 1, "change_message": "[{\"added\": {}}]"}}, {"model": "admin.logentry", "pk": 48, "fields": {"action_time": "2024-04-25T18:15:57.761Z", "user": 1, "content_type": 11, "object_id": "6", "object_repr": "ПЕРЕДАТЬ ВИЗУАЛЬНО", "action_flag": 2, "change_message": "[{\"changed\": {\"fields\": [\"\\u041d\\u0430\\u0437\\u0432\\u0430\\u043d\\u0438\\u0435 \\u0441\\u043a\\u0438\\u043b\\u043b\\u0430 [ru]\", \"\\u041d\\u0430\\u0437\\u0432\\u0430\\u043d\\u0438\\u0435 \\u0441\\u043a\\u0438\\u043b\\u043b\\u0430 [en]\", \"\\u041d\\u0430\\u0437\\u0432\\u0430\\u043d\\u0438\\u0435 \\u0441\\u043a\\u0438\\u043b\\u043b\\u0430 [fr]\", \"\\u041e\\u043f\\u0438\\u0441\\u0430\\u043d\\u0438\\u0435 \\u0441\\u043a\\u0438\\u043b\\u043b\\u0430 [ru]\", \"\\u041e\\u043f\\u0438\\u0441\\u0430\\u043d\\u0438\\u0435 \\u0441\\u043a\\u0438\\u043b\\u043b\\u0430 [en]\", \"\\u041e\\u043f\\u0438\\u0441\\u0430\\u043d\\u0438\\u0435 \\u0441\\u043a\\u0438\\u043b\\u043b\\u0430 [fr]\", \"\\u0418\\u0437\\u043e\\u0431\\u0440\\u0430\\u0436\\u0435\\u043d\\u0438\\u0435 \\u0441\\u043a\\u0438\\u043b\\u043b\\u0430\"]}}]"}}, {"model": "admin.logentry", "pk": 49, "fields": {"action_time": "2024-04-25T18:16:06.632Z", "user": 1, "content_type": 11, "object_id": "7", "object_repr": "ПЕРЕДАТЬ ВИЗУАЛЬНО", "action_flag": 1, "change_message": "[{\"added\": {}}]"}}, {"model": "admin.logentry", "pk": 50, "fields": {"action_time": "2024-04-25T18:17:26.390Z", "user": 1, "content_type": 11, "object_id": "7", "object_repr": "ОФОРМИТЬ", "action_flag": 2, "change_message": "[{\"changed\": {\"fields\": [\"\\u041d\\u0430\\u0437\\u0432\\u0430\\u043d\\u0438\\u0435 \\u0441\\u043a\\u0438\\u043b\\u043b\\u0430 [ru]\", \"\\u041d\\u0430\\u0437\\u0432\\u0430\\u043d\\u0438\\u0435 \\u0441\\u043a\\u0438\\u043b\\u043b\\u0430 [en]\", \"\\u041d\\u0430\\u0437\\u0432\\u0430\\u043d\\u0438\\u0435 \\u0441\\u043a\\u0438\\u043b\\u043b\\u0430 [fr]\", \"\\u041e\\u043f\\u0438\\u0441\\u0430\\u043d\\u0438\\u0435 \\u0441\\u043a\\u0438\\u043b\\u043b\\u0430 [ru]\", \"\\u041e\\u043f\\u0438\\u0441\\u0430\\u043d\\u0438\\u0435 \\u0441\\u043a\\u0438\\u043b\\u043b\\u0430 [en]\", \"\\u041e\\u043f\\u0438\\u0441\\u0430\\u043d\\u0438\\u0435 \\u0441\\u043a\\u0438\\u043b\\u043b\\u0430 [fr]\", \"\\u0418\\u0437\\u043e\\u0431\\u0440\\u0430\\u0436\\u0435\\u043d\\u0438\\u0435 \\u0441\\u043a\\u0438\\u043b\\u043b\\u0430\"]}}]"}}, {"model": "admin.logentry", "pk": 51, "fields": {"action_time": "2024-04-25T18:17:29.704Z", "user": 1, "content_type": 11, "object_id": "8", "object_repr": "ОФОРМИТЬ", "action_flag": 1, "change_message": "[{\"added\": {}}]"}}, {"model": "admin.logentry", "pk": 52, "fields": {"action_time": "2024-04-25T18:20:04.800Z", "user": 1, "content_type": 11, "object_id": "8", "object_repr": "ПРОСВЕЩАЕМ", "action_flag": 2, "change_message": "[{\"changed\": {\"fields\": [\"\\u041d\\u0430\\u0437\\u0432\\u0430\\u043d\\u0438\\u0435 \\u0441\\u043a\\u0438\\u043b\\u043b\\u0430 [ru]\", \"\\u041d\\u0430\\u0437\\u0432\\u0430\\u043d\\u0438\\u0435 \\u0441\\u043a\\u0438\\u043b\\u043b\\u0430 [en]\", \"\\u041d\\u0430\\u0437\\u0432\\u0430\\u043d\\u0438\\u0435 \\u0441\\u043a\\u0438\\u043b\\u043b\\u0430 [fr]\", \"\\u041e\\u043f\\u0438\\u0441\\u0430\\u043d\\u0438\\u0435 \\u0441\\u043a\\u0438\\u043b\\u043b\\u0430 [ru]\", \"\\u041e\\u043f\\u0438\\u0441\\u0430\\u043d\\u0438\\u0435 \\u0441\\u043a\\u0438\\u043b\\u043b\\u0430 [en]\", \"\\u041e\\u043f\\u0438\\u0441\\u0430\\u043d\\u0438\\u0435 \\u0441\\u043a\\u0438\\u043b\\u043b\\u0430 [fr]\", \"\\u0418\\u0437\\u043e\\u0431\\u0440\\u0430\\u0436\\u0435\\u043d\\u0438\\u0435 \\u0441\\u043a\\u0438\\u043b\\u043b\\u0430\"]}}]"}}, {"model": "admin.logentry", "pk": 53, "fields": {"action_time": "2024-04-25T18:20:10.822Z", "user": 1, "content_type": 11, "object_id": "9", "object_repr": "ПРОСВЕЩАЕМ", "action_flag": 1, "change_message": "[{\"added\": {}}]"}}, {"model": "admin.logentry", "pk": 54, "fields": {"action_time": "2024-04-25T18:22:10.957Z", "user": 1, "content_type": 11, "object_id": "9", "object_repr": "ВЫБИРАЕМ ТЕМЫ", "action_flag": 2, "change_message": "[{\"changed\": {\"fields\": [\"\\u041d\\u0430\\u0437\\u0432\\u0430\\u043d\\u0438\\u0435 \\u0441\\u043a\\u0438\\u043b\\u043b\\u0430 [ru]\", \"\\u041d\\u0430\\u0437\\u0432\\u0430\\u043d\\u0438\\u0435 \\u0441\\u043a\\u0438\\u043b\\u043b\\u0430 [en]\", \"\\u041d\\u0430\\u0437\\u0432\\u0430\\u043d\\u0438\\u0435 \\u0441\\u043a\\u0438\\u043b\\u043b\\u0430 [fr]\", \"\\u041e\\u043f\\u0438\\u0441\\u0430\\u043d\\u0438\\u0435 \\u0441\\u043a\\u0438\\u043b\\u043b\\u0430 [ru]\", \"\\u041e\\u043f\\u0438\\u0441\\u0430\\u043d\\u0438\\u0435 \\u0441\\u043a\\u0438\\u043b\\u043b\\u0430 [en]\", \"\\u041e\\u043f\\u0438\\u0441\\u0430\\u043d\\u0438\\u0435 \\u0441\\u043a\\u0438\\u043b\\u043b\\u0430 [fr]\", \"\\u0418\\u0437\\u043e\\u0431\\u0440\\u0430\\u0436\\u0435\\u043d\\u0438\\u0435 \\u0441\\u043a\\u0438\\u043b\\u043b\\u0430\"]}}]"}}, {"model": "admin.logentry", "pk": 55, "fields": {"action_time": "2024-04-25T18:22:25.177Z", "user": 1, "content_type": 11, "object_id": "10", "object_repr": "ВЫБИРАЕМ ТЕМЫ", "action_flag": 1, "change_message": "[{\"added\": {}}]"}}, {"model": "admin.logentry", "pk": 56, "fields": {"action_time": "2024-04-25T18:23:51.798Z", "user": 1, "content_type": 11, "object_id": "10", "object_repr": "ФОРМИРУЕМ ТОЧКУ ЗРЕНИЯ", "action_flag": 2, "change_message": "[{\"changed\": {\"fields\": [\"\\u041d\\u0430\\u0437\\u0432\\u0430\\u043d\\u0438\\u0435 \\u0441\\u043a\\u0438\\u043b\\u043b\\u0430 [ru]\", \"\\u041d\\u0430\\u0437\\u0432\\u0430\\u043d\\u0438\\u0435 \\u0441\\u043a\\u0438\\u043b\\u043b\\u0430 [en]\", \"\\u041d\\u0430\\u0437\\u0432\\u0430\\u043d\\u0438\\u0435 \\u0441\\u043a\\u0438\\u043b\\u043b\\u0430 [fr]\", \"\\u041e\\u043f\\u0438\\u0441\\u0430\\u043d\\u0438\\u0435 \\u0441\\u043a\\u0438\\u043b\\u043b\\u0430 [ru]\", \"\\u041e\\u043f\\u0438\\u0441\\u0430\\u043d\\u0438\\u0435 \\u0441\\u043a\\u0438\\u043b\\u043b\\u0430 [en]\", \"\\u041e\\u043f\\u0438\\u0441\\u0430\\u043d\\u0438\\u0435 \\u0441\\u043a\\u0438\\u043b\\u043b\\u0430 [fr]\", \"\\u0418\\u0437\\u043e\\u0431\\u0440\\u0430\\u0436\\u0435\\u043d\\u0438\\u0435 \\u0441\\u043a\\u0438\\u043b\\u043b\\u0430\"]}}]"}}, {"model": "admin.logentry", "pk": 57, "fields": {"action_time": "2024-04-25T18:35:52.877Z", "user": 1, "content_type": 10, "object_id": "1", "object_repr": "Проект № 1", "action_flag": 1, "change_message": "[{\"added\": {}}]"}}, {"model": "admin.logentry", "pk": 58, "fields": {"action_time": "2024-04-25T18:36:59.243Z", "user": 1, "content_type": 10, "object_id": "2", "object_repr": "Проект № 1", "action_flag": 1, "change_message": "[{\"added\": {}}]"}}, {"model": "admin.logentry", "pk": 59, "fields": {"action_time": "2024-04-25T18:38:17.554Z", "user": 1, "content_type": 10, "object_id": "2", "object_repr": "Проект №2", "action_flag": 2, "change_message": "[{\"changed\": {\"fields\": [\"\\u0410\\u0432\\u0442\\u043e\\u0440\", \"\\u0417\\u0430\\u0433\\u043e\\u043b\\u043e\\u0432\\u043e\\u043a [ru]\", \"\\u0417\\u0430\\u0433\\u043e\\u043b\\u043e\\u0432\\u043e\\u043a [en]\", \"\\u0417\\u0430\\u0433\\u043e\\u043b\\u043e\\u0432\\u043e\\u043a [fr]\", \"\\u0418\\u0437\\u043e\\u0431\\u0440\\u0430\\u0436\\u0435\\u043d\\u0438\\u0435\"]}}]"}}, {"model": "admin.logentry", "pk": 60, "fields": {"action_time": "2024-04-25T18:38:31.377Z", "user": 1, "content_type": 10, "object_id": "1", "object_repr": "Проект №1", "action_flag": 2, "change_message": "[{\"changed\": {\"fields\": [\"\\u0417\\u0430\\u0433\\u043e\\u043b\\u043e\\u0432\\u043e\\u043a [ru]\", \"\\u0417\\u0430\\u0433\\u043e\\u043b\\u043e\\u0432\\u043e\\u043a [en]\"]}}]"}}, {"model": "admin.logentry", "pk": 61, "fields": {"action_time": "2024-04-25T18:38:35.281Z", "user": 1, "content_type": 10, "object_id": "3", "object_repr": "Проект №2", "action_flag": 1, "change_message": "[{\"added\": {}}]"}}, {"model": "admin.logentry", "pk": 62, "fields": {"action_time": "2024-04-25T18:38:56.413Z", "user": 1, "content_type": 10, "object_id": "3", "object_repr": "Проект №3", "action_flag": 2, "change_message": "[{\"changed\": {\"fields\": [\"\\u0410\\u0432\\u0442\\u043e\\u0440\", \"\\u0417\\u0430\\u0433\\u043e\\u043b\\u043e\\u0432\\u043e\\u043a [ru]\", \"\\u0417\\u0430\\u0433\\u043e\\u043b\\u043e\\u0432\\u043e\\u043a [en]\", \"\\u0417\\u0430\\u0433\\u043e\\u043b\\u043e\\u0432\\u043e\\u043a [fr]\", \"\\u0418\\u0437\\u043e\\u0431\\u0440\\u0430\\u0436\\u0435\\u043d\\u0438\\u0435\"]}}]"}}, {"model": "admin.logentry", "pk": 63, "fields": {"action_time": "2024-04-25T18:39:00.515Z", "user": 1, "content_type": 10, "object_id": "4", "object_repr": "Проект №3", "action_flag": 1, "change_message": "[{\"added\": {}}]"}}, {"model": "admin.logentry", "pk": 64, "fields": {"action_time": "2024-04-25T18:39:37.993Z", "user": 1, "content_type": 10, "object_id": "4", "object_repr": "Проект №4", "action_flag": 2, "change_message": "[{\"changed\": {\"fields\": [\"\\u0410\\u0432\\u0442\\u043e\\u0440\", \"\\u0417\\u0430\\u0433\\u043e\\u043b\\u043e\\u0432\\u043e\\u043a [ru]\", \"\\u0417\\u0430\\u0433\\u043e\\u043b\\u043e\\u0432\\u043e\\u043a [en]\", \"\\u0417\\u0430\\u0433\\u043e\\u043b\\u043e\\u0432\\u043e\\u043a [fr]\", \"\\u0418\\u0437\\u043e\\u0431\\u0440\\u0430\\u0436\\u0435\\u043d\\u0438\\u0435\"]}}]"}}, {"model": "admin.logentry", "pk": 65, "fields": {"action_time": "2024-04-25T18:39:42.750Z", "user": 1, "content_type": 10, "object_id": "5", "object_repr": "Проект №4", "action_flag": 1, "change_message": "[{\"added\": {}}]"}}, {"model": "admin.logentry", "pk": 66, "fields": {"action_time": "2024-04-25T18:40:06.047Z", "user": 1, "content_type": 10, "object_id": "5", "object_repr": "Проект №5", "action_flag": 2, "change_message": "[{\"changed\": {\"fields\": [\"\\u0410\\u0432\\u0442\\u043e\\u0440\", \"\\u0417\\u0430\\u0433\\u043e\\u043b\\u043e\\u0432\\u043e\\u043a [ru]\", \"\\u0417\\u0430\\u0433\\u043e\\u043b\\u043e\\u0432\\u043e\\u043a [en]\", \"\\u0417\\u0430\\u0433\\u043e\\u043b\\u043e\\u0432\\u043e\\u043a [fr]\", \"\\u0418\\u0437\\u043e\\u0431\\u0440\\u0430\\u0436\\u0435\\u043d\\u0438\\u0435\"]}}]"}}, {"model": "admin.logentry", "pk": 67, "fields": {"action_time": "2024-04-25T18:41:55.957Z", "user": 1, "content_type": 10, "object_id": "1", "object_repr": "Проект №1 – Арт-дайвинг", "action_flag": 2, "change_message": "[{\"changed\": {\"fields\": [\"\\u0417\\u0430\\u0433\\u043e\\u043b\\u043e\\u0432\\u043e\\u043a [ru]\", \"\\u0417\\u0430\\u0433\\u043e\\u043b\\u043e\\u0432\\u043e\\u043a [en]\", \"\\u0417\\u0430\\u0433\\u043e\\u043b\\u043e\\u0432\\u043e\\u043a [fr]\"]}}]"}}, {"model": "admin.logentry", "pk": 68, "fields": {"action_time": "2024-04-25T18:42:57.775Z", "user": 1, "content_type": 10, "object_id": "2", "object_repr": "Проект №2– Арт-дайвинг", "action_flag": 2, "change_message": "[{\"changed\": {\"fields\": [\"\\u0417\\u0430\\u0433\\u043e\\u043b\\u043e\\u0432\\u043e\\u043a [ru]\", \"\\u0417\\u0430\\u0433\\u043e\\u043b\\u043e\\u0432\\u043e\\u043a [en]\", \"\\u0417\\u0430\\u0433\\u043e\\u043b\\u043e\\u0432\\u043e\\u043a [fr]\"]}}]"}}, {"model": "admin.logentry", "pk": 69, "fields": {"action_time": "2024-04-25T18:43:37.278Z", "user": 1, "content_type": 10, "object_id": "3", "object_repr": "Проект №3 – Арт-дайвинг", "action_flag": 2, "change_message": "[{\"changed\": {\"fields\": [\"\\u0417\\u0430\\u0433\\u043e\\u043b\\u043e\\u0432\\u043e\\u043a [ru]\", \"\\u0417\\u0430\\u0433\\u043e\\u043b\\u043e\\u0432\\u043e\\u043a [en]\", \"\\u0417\\u0430\\u0433\\u043e\\u043b\\u043e\\u0432\\u043e\\u043a [fr]\"]}}]"}}, {"model": "admin.logentry", "pk": 70, "fields": {"action_time": "2024-04-25T18:44:09.045Z", "user": 1, "content_type": 10, "object_id": "4", "object_repr": "Проект №4 – Арт-дайвинг", "action_flag": 2, "change_message": "[{\"changed\": {\"fields\": [\"\\u0417\\u0430\\u0433\\u043e\\u043b\\u043e\\u0432\\u043e\\u043a [ru]\", \"\\u0417\\u0430\\u0433\\u043e\\u043b\\u043e\\u0432\\u043e\\u043a [en]\", \"\\u0417\\u0430\\u0433\\u043e\\u043b\\u043e\\u0432\\u043e\\u043a [fr]\"]}}]"}}, {"model": "admin.logentry", "pk": 71, "fields": {"action_time": "2024-04-25T18:44:40.495Z", "user": 1, "content_type": 10, "object_id": "5", "object_repr": "Проект №5 – Арт-дайвинг", "action_flag": 2, "change_message": "[{\"changed\": {\"fields\": [\"\\u0417\\u0430\\u0433\\u043e\\u043b\\u043e\\u0432\\u043e\\u043a [ru]\", \"\\u0417\\u0430\\u0433\\u043e\\u043b\\u043e\\u0432\\u043e\\u043a [en]\", \"\\u0417\\u0430\\u0433\\u043e\\u043b\\u043e\\u0432\\u043e\\u043a [fr]\"]}}]"}}, {"model": "admin.logentry", "pk": 72, "fields": {"action_time": "2024-04-25T18:45:14.309Z", "user": 1, "content_type": 10, "object_id": "6", "object_repr": "Проект №5 – Арт-дайвинг", "action_flag": 1, "change_message": "[{\"added\": {}}]"}}, {"model": "admin.logentry", "pk": 73, "fields": {"action_time": "2024-04-25T18:50:35.555Z", "user": 1, "content_type": 10, "object_id": "6", "object_repr": "Проект №6 – Наивные вопросы художнику", "action_flag": 2, "change_message": "[{\"changed\": {\"fields\": [\"\\u0417\\u0430\\u0433\\u043e\\u043b\\u043e\\u0432\\u043e\\u043a [ru]\", \"\\u0417\\u0430\\u0433\\u043e\\u043b\\u043e\\u0432\\u043e\\u043a [en]\", \"\\u0417\\u0430\\u0433\\u043e\\u043b\\u043e\\u0432\\u043e\\u043a [fr]\", \"\\u0418\\u0437\\u043e\\u0431\\u0440\\u0430\\u0436\\u0435\\u043d\\u0438\\u0435\"]}}]"}}, {"model": "admin.logentry", "pk": 74, "fields": {"action_time": "2024-04-25T18:51:13.089Z", "user": 1, "content_type": 10, "object_id": "7", "object_repr": "Проект №6 – Наивные вопросы художнику", "action_flag": 1, "change_message": "[{\"added\": {}}]"}}, {"model": "admin.logentry", "pk": 75, "fields": {"action_time": "2024-04-25T18:51:42.199Z", "user": 1, "content_type": 10, "object_id": "7", "object_repr": "Проект №7 – Наивные вопросы художнику", "action_flag": 2, "change_message": "[{\"changed\": {\"fields\": [\"\\u0410\\u0432\\u0442\\u043e\\u0440\", \"\\u0417\\u0430\\u0433\\u043e\\u043b\\u043e\\u0432\\u043e\\u043a [ru]\", \"\\u0417\\u0430\\u0433\\u043e\\u043b\\u043e\\u0432\\u043e\\u043a [en]\", \"\\u0417\\u0430\\u0433\\u043e\\u043b\\u043e\\u0432\\u043e\\u043a [fr]\", \"\\u0418\\u0437\\u043e\\u0431\\u0440\\u0430\\u0436\\u0435\\u043d\\u0438\\u0435\"]}}]"}}, {"model": "admin.logentry", "pk": 76, "fields": {"action_time": "2024-04-25T18:52:08.714Z", "user": 1, "content_type": 10, "object_id": "8", "object_repr": "Проект №7 – Наивные вопросы художнику", "action_flag": 1, "change_message": "[{\"added\": {}}]"}}, {"model": "admin.logentry", "pk": 77, "fields": {"action_time": "2024-04-25T18:52:39.730Z", "user": 1, "content_type": 10, "object_id": "8", "object_repr": "Проект №8 – Наивные вопросы художнику", "action_flag": 2, "change_message": "[{\"changed\": {\"fields\": [\"\\u0410\\u0432\\u0442\\u043e\\u0440\", \"\\u0417\\u0430\\u0433\\u043e\\u043b\\u043e\\u0432\\u043e\\u043a [ru]\", \"\\u0417\\u0430\\u0433\\u043e\\u043b\\u043e\\u0432\\u043e\\u043a [en]\", \"\\u0417\\u0430\\u0433\\u043e\\u043b\\u043e\\u0432\\u043e\\u043a [fr]\", \"\\u0418\\u0437\\u043e\\u0431\\u0440\\u0430\\u0436\\u0435\\u043d\\u0438\\u0435\"]}}]"}}, {"model": "admin.logentry", "pk": 78, "fields": {"action_time": "2024-04-25T18:52:48.540Z", "user": 1, "content_type": 10, "object_id": "9", "object_repr": "Проект №8 – Наивные вопросы художнику", "action_flag": 1, "change_message": "[{\"added\": {}}]"}}, {"model": "admin.logentry", "pk": 79, "fields": {"action_time": "2024-04-25T18:53:12.156Z", "user": 1, "content_type": 10, "object_id": "9", "object_repr": "Проект №9 – Наивные вопросы художнику", "action_flag": 2, "change_message": "[{\"changed\": {\"fields\": [\"\\u0417\\u0430\\u0433\\u043e\\u043b\\u043e\\u0432\\u043e\\u043a [ru]\", \"\\u0417\\u0430\\u0433\\u043e\\u043b\\u043e\\u0432\\u043e\\u043a [en]\", \"\\u0417\\u0430\\u0433\\u043e\\u043b\\u043e\\u0432\\u043e\\u043a [fr]\", \"\\u0418\\u0437\\u043e\\u0431\\u0440\\u0430\\u0436\\u0435\\u043d\\u0438\\u0435\"]}}]"}}, {"model": "admin.logentry", "pk": 80, "fields": {"action_time": "2024-04-25T18:53:56.411Z", "user": 1, "content_type": 10, "object_id": "6", "object_repr": "Проект №1 – Наивные вопросы художнику", "action_flag": 2, "change_message": "[{\"changed\": {\"fields\": [\"\\u0417\\u0430\\u0433\\u043e\\u043b\\u043e\\u0432\\u043e\\u043a [ru]\", \"\\u0417\\u0430\\u0433\\u043e\\u043b\\u043e\\u0432\\u043e\\u043a [en]\", \"\\u0417\\u0430\\u0433\\u043e\\u043b\\u043e\\u0432\\u043e\\u043a [fr]\"]}}]"}}, {"model": "admin.logentry", "pk": 81, "fields": {"action_time": "2024-04-25T18:54:09.917Z", "user": 1, "content_type": 10, "object_id": "7", "object_repr": "Проект №2 – Наивные вопросы художнику", "action_flag": 2, "change_message": "[{\"changed\": {\"fields\": [\"\\u0417\\u0430\\u0433\\u043e\\u043b\\u043e\\u0432\\u043e\\u043a [ru]\", \"\\u0417\\u0430\\u0433\\u043e\\u043b\\u043e\\u0432\\u043e\\u043a [en]\", \"\\u0417\\u0430\\u0433\\u043e\\u043b\\u043e\\u0432\\u043e\\u043a [fr]\"]}}]"}}, {"model": "admin.logentry", "pk": 82, "fields": {"action_time": "2024-04-25T18:54:22.823Z", "user": 1, "content_type": 10, "object_id": "8", "object_repr": "Проект №3 – Наивные вопросы художнику", "action_flag": 2, "change_message": "[{\"changed\": {\"fields\": [\"\\u0417\\u0430\\u0433\\u043e\\u043b\\u043e\\u0432\\u043e\\u043a [ru]\", \"\\u0417\\u0430\\u0433\\u043e\\u043b\\u043e\\u0432\\u043e\\u043a [en]\", \"\\u0417\\u0430\\u0433\\u043e\\u043b\\u043e\\u0432\\u043e\\u043a [fr]\"]}}]"}}, {"model": "admin.logentry", "pk": 83, "fields": {"action_time": "2024-04-25T18:54:35.274Z", "user": 1, "content_type": 10, "object_id": "9", "object_repr": "Проект №4 – Наивные вопросы художнику", "action_flag": 2, "change_message": "[{\"changed\": {\"fields\": [\"\\u0417\\u0430\\u0433\\u043e\\u043b\\u043e\\u0432\\u043e\\u043a [ru]\", \"\\u0417\\u0430\\u0433\\u043e\\u043b\\u043e\\u0432\\u043e\\u043a [en]\", \"\\u0417\\u0430\\u0433\\u043e\\u043b\\u043e\\u0432\\u043e\\u043a [fr]\"]}}]"}}, {"model": "admin.logentry", "pk": 84, "fields": {"action_time": "2024-04-25T18:54:39.166Z", "user": 1, "content_type": 10, "object_id": "10", "object_repr": "Проект №4 – Наивные вопросы художнику", "action_flag": 1, "change_message": "[{\"added\": {}}]"}}, {"model": "admin.logentry", "pk": 85, "fields": {"action_time": "2024-04-25T18:55:41.599Z", "user": 1, "content_type": 10, "object_id": "10", "object_repr": "Проект №1 – Арт-картель", "action_flag": 2, "change_message": "[{\"changed\": {\"fields\": [\"\\u0410\\u0432\\u0442\\u043e\\u0440\", \"\\u0417\\u0430\\u0433\\u043e\\u043b\\u043e\\u0432\\u043e\\u043a [ru]\", \"\\u0417\\u0430\\u0433\\u043e\\u043b\\u043e\\u0432\\u043e\\u043a [en]\", \"\\u0417\\u0430\\u0433\\u043e\\u043b\\u043e\\u0432\\u043e\\u043a [fr]\", \"\\u0418\\u0437\\u043e\\u0431\\u0440\\u0430\\u0436\\u0435\\u043d\\u0438\\u0435\"]}}]"}}, {"model": "admin.logentry", "pk": 86, "fields": {"action_time": "2024-04-25T18:55:46.196Z", "user": 1, "content_type": 10, "object_id": "11", "object_repr": "Проект №1 – Арт-картель", "action_flag": 1, "change_message": "[{\"added\": {}}]"}}, {"model": "admin.logentry", "pk": 87, "fields": {"action_time": "2024-04-25T18:56:08.409Z", "user": 1, "content_type": 10, "object_id": "11", "object_repr": "Проект №2 – Арт-картель", "action_flag": 2, "change_message": "[{\"changed\": {\"fields\": [\"\\u0417\\u0430\\u0433\\u043e\\u043b\\u043e\\u0432\\u043e\\u043a [ru]\", \"\\u0417\\u0430\\u0433\\u043e\\u043b\\u043e\\u0432\\u043e\\u043a [en]\", \"\\u0417\\u0430\\u0433\\u043e\\u043b\\u043e\\u0432\\u043e\\u043a [fr]\", \"\\u0418\\u0437\\u043e\\u0431\\u0440\\u0430\\u0436\\u0435\\u043d\\u0438\\u0435\"]}}]"}}, {"model": "admin.logentry", "pk": 88, "fields": {"action_time": "2024-04-25T18:56:13.258Z", "user": 1, "content_type": 10, "object_id": "12", "object_repr": "Проект №2 – Арт-картель", "action_flag": 1, "change_message": "[{\"added\": {}}]"}}, {"model": "admin.logentry", "pk": 89, "fields": {"action_time": "2024-04-25T18:56:41.758Z", "user": 1, "content_type": 10, "object_id": "12", "object_repr": "Проект №3 – Арт-картель", "action_flag": 2, "change_message": "[{\"changed\": {\"fields\": [\"\\u0417\\u0430\\u0433\\u043e\\u043b\\u043e\\u0432\\u043e\\u043a [ru]\", \"\\u0417\\u0430\\u0433\\u043e\\u043b\\u043e\\u0432\\u043e\\u043a [en]\", \"\\u0417\\u0430\\u0433\\u043e\\u043b\\u043e\\u0432\\u043e\\u043a [fr]\", \"\\u0418\\u0437\\u043e\\u0431\\u0440\\u0430\\u0436\\u0435\\u043d\\u0438\\u0435\"]}}]"}}, {"model": "admin.logentry", "pk": 90, "fields": {"action_time": "2024-04-25T18:56:47.377Z", "user": 1, "content_type": 10, "object_id": "13", "object_repr": "Проект №3 – Арт-картель", "action_flag": 1, "change_message": "[{\"added\": {}}]"}}, {"model": "admin.logentry", "pk": 91, "fields": {"action_time": "2024-04-25T18:57:07.134Z", "user": 1, "content_type": 10, "object_id": "13", "object_repr": "Проект №4 – Арт-картель", "action_flag": 2, "change_message": "[{\"changed\": {\"fields\": [\"\\u0417\\u0430\\u0433\\u043e\\u043b\\u043e\\u0432\\u043e\\u043a [ru]\", \"\\u0417\\u0430\\u0433\\u043e\\u043b\\u043e\\u0432\\u043e\\u043a [en]\", \"\\u0417\\u0430\\u0433\\u043e\\u043b\\u043e\\u0432\\u043e\\u043a [fr]\", \"\\u0418\\u0437\\u043e\\u0431\\u0440\\u0430\\u0436\\u0435\\u043d\\u0438\\u0435\"]}}]"}}, {"model": "admin.logentry", "pk": 92, "fields": {"action_time": "2024-04-25T19:10:06.966Z", "user": 1, "content_type": 9, "object_id": "1", "object_repr": "Арт–дайвинг полное погружение", "action_flag": 1, "change_message": "[{\"added\": {}}]"}}, {"model": "admin.logentry", "pk": 93, "fields": {"action_time": "2024-04-25T19:10:27.542Z", "user": 1, "content_type": 9, "object_id": "1", "object_repr": "Арт–дайвинг полное погружение", "action_flag": 2, "change_message": "[{\"changed\": {\"fields\": [\"\\u0421\\u0442\\u0430\\u0442\\u0443\\u0441 \\u043f\\u0443\\u0431\\u043b\\u0438\\u043a\\u0430\\u0446\\u0438\\u0438\"]}}]"}}, {"model": "admin.logentry", "pk": 94, "fields": {"action_time": "2024-04-25T19:11:07.055Z", "user": 1, "content_type": 9, "object_id": "1", "object_repr": "Арт–дайвинг полное погружение", "action_flag": 2, "change_message": "[]"}}, {"model": "admin.logentry", "pk": 95, "fields": {"action_time": "2024-04-25T19:13:04.206Z", "user": 1, "content_type": 9, "object_id": "2", "object_repr": "Наивные вопросы художнику", "action_flag": 1, "change_message": "[{\"added\": {}}]"}}, {"model": "admin.logentry", "pk": 96, "fields": {"action_time": "2024-04-25T19:13:08.419Z", "user": 1, "content_type": 9, "object_id": "2", "object_repr": "Наивные вопросы художнику", "action_flag": 2, "change_message": "[]"}}, {"model": "admin.logentry", "pk": 97, "fields": {"action_time": "2024-04-25T19:14:18.643Z", "user": 1, "content_type": 9, "object_id": "3", "object_repr": "АРТ–КАРТЕЛЬ СОВМЕСТНОЕ ИЗУЧЕНИЕ", "action_flag": 1, "change_message": "[{\"added\": {}}]"}}, {"model": "admin.logentry", "pk": 98, "fields": {"action_time": "2024-04-25T19:14:20.996Z", "user": 1, "content_type": 9, "object_id": "3", "object_repr": "АРТ–КАРТЕЛЬ СОВМЕСТНОЕ ИЗУЧЕНИЕ", "action_flag": 2, "change_message": "[]"}}, {"model": "admin.logentry", "pk": 99, "fields": {"action_time": "2024-04-25T19:14:32.346Z", "user": 1, "content_type": 9, "object_id": "2", "object_repr": "НАИВНЫЕ ВОПРОСЫ ХУДОЖНИКУ", "action_flag": 2, "change_message": "[{\"changed\": {\"fields\": [\"\\u041d\\u0430\\u0437\\u0432\\u0430\\u043d\\u0438\\u0435 \\u043f\\u0440\\u043e\\u0435\\u043a\\u0442\\u0430 [ru]\"]}}]"}}, {"model": "admin.logentry", "pk": 100, "fields": {"action_time": "2024-04-25T19:14:37.648Z", "user": 1, "content_type": 9, "object_id": "1", "object_repr": "АРТ–ДАЙВИНГ ПОЛНОЕ ПОГРУЖЕНИЕ", "action_flag": 2, "change_message": "[{\"changed\": {\"fields\": [\"\\u041d\\u0430\\u0437\\u0432\\u0430\\u043d\\u0438\\u0435 \\u043f\\u0440\\u043e\\u0435\\u043a\\u0442\\u0430 [ru]\"]}}]"}}, {"model": "admin.logentry", "pk": 101, "fields": {"action_time": "2024-04-25T19:19:43.714Z", "user": 1, "content_type": 9, "object_id": "2", "object_repr": "НАИВНЫЕ ВОПРОСЫ ХУДОЖНИКУ", "action_flag": 2, "change_message": "[{\"changed\": {\"fields\": [\"\\u041d\\u0430\\u0437\\u0432\\u0430\\u043d\\u0438\\u0435 \\u043f\\u0440\\u043e\\u0435\\u043a\\u0442\\u0430 [en]\", \"\\u041d\\u0430\\u0437\\u0432\\u0430\\u043d\\u0438\\u0435 \\u043f\\u0440\\u043e\\u0435\\u043a\\u0442\\u0430 [fr]\", \"\\u0421\\u043b\\u043e\\u0433\\u0430\\u043d [ru]\", \"\\u0421\\u043b\\u043e\\u0433\\u0430\\u043d [en]\", \"\\u0421\\u043b\\u043e\\u0433\\u0430\\u043d [fr]\", \"\\u0422\\u0438\\u0442\\u0443\\u043b\\u044c\\u043d\\u043e\\u0435 \\u0438\\u0437\\u043e\\u0431\\u0440\\u0430\\u0436\\u0435\\u043d\\u0438\\u0435\"]}}]"}}, {"model": "admin.logentry", "pk": 102, "fields": {"action_time": "2024-04-25T19:31:38.124Z", "user": 1, "content_type": 9, "object_id": "2", "object_repr": "НАИВНЫЕ ВОПРОСЫ ХУДОЖНИКУ", "action_flag": 2, "change_message": "[{\"changed\": {\"fields\": [\"\\u0417\\u0430\\u0433\\u043e\\u043b\\u043e\\u0432\\u043e\\u043a \\u0431\\u043b\\u043e\\u043a\\u0430 \\u043e\\u043f\\u0438\\u0441\\u0430\\u043d\\u0438\\u044f [ru]\"]}}]"}}, {"model": "admin.logentry", "pk": 103, "fields": {"action_time": "2024-04-25T19:37:28.151Z", "user": 1, "content_type": 9, "object_id": "2", "object_repr": "НАИВНЫЕ ВОПРОСЫ ХУДОЖНИКУ", "action_flag": 2, "change_message": "[{\"changed\": {\"fields\": [\"\\u0417\\u0430\\u0433\\u043e\\u043b\\u043e\\u0432\\u043e\\u043a \\u0431\\u043b\\u043e\\u043a\\u0430 \\u043e\\u043f\\u0438\\u0441\\u0430\\u043d\\u0438\\u044f [ru]\", \"\\u0417\\u0430\\u0433\\u043e\\u043b\\u043e\\u0432\\u043e\\u043a \\u0431\\u043b\\u043e\\u043a\\u0430 \\u043e\\u043f\\u0438\\u0441\\u0430\\u043d\\u0438\\u044f [en]\", \"\\u0417\\u0430\\u0433\\u043e\\u043b\\u043e\\u0432\\u043e\\u043a \\u0431\\u043b\\u043e\\u043a\\u0430 \\u043e\\u043f\\u0438\\u0441\\u0430\\u043d\\u0438\\u044f [fr]\", \"\\u041e\\u043f\\u0438\\u0441\\u0430\\u043d\\u0438\\u0435 \\u0431\\u043b\\u043e\\u043a\\u0430 No1 [ru]\", \"\\u041e\\u043f\\u0438\\u0441\\u0430\\u043d\\u0438\\u0435 \\u0431\\u043b\\u043e\\u043a\\u0430 No1 [en]\", \"\\u041e\\u043f\\u0438\\u0441\\u0430\\u043d\\u0438\\u0435 \\u0431\\u043b\\u043e\\u043a\\u0430 No1 [fr]\", \"\\u0418\\u0437\\u043e\\u0431\\u0440\\u0430\\u0436\\u0435\\u043d\\u0438\\u0435 \\u0431\\u043b\\u043e\\u043a\\u0430 No1\", \"\\u041e\\u043f\\u0438\\u0441\\u0430\\u043d\\u0438\\u0435 \\u0431\\u043b\\u043e\\u043a\\u0430 No2 [ru]\", \"\\u041e\\u043f\\u0438\\u0441\\u0430\\u043d\\u0438\\u0435 \\u0431\\u043b\\u043e\\u043a\\u0430 No2 [en]\", \"\\u041e\\u043f\\u0438\\u0441\\u0430\\u043d\\u0438\\u0435 \\u0431\\u043b\\u043e\\u043a\\u0430 No2 [fr]\", \"\\u0418\\u0437\\u043e\\u0431\\u0440\\u0430\\u0436\\u0435\\u043d\\u0438\\u0435 \\u0431\\u043b\\u043e\\u043a\\u0430 No2\", \"\\u0413\\u0430\\u043b\\u0435\\u0440\\u0435\\u0438\", \"\\u041d\\u0430\\u0448\\u0438 \\u0441\\u043a\\u0438\\u043b\\u043b\\u044b\", \"\\u0421\\u0442\\u0430\\u0442\\u0443\\u0441 \\u043f\\u0443\\u0431\\u043b\\u0438\\u043a\\u0430\\u0446\\u0438\\u0438\"]}}]"}}, {"model": "admin.logentry", "pk": 104, "fields": {"action_time": "2024-04-25T19:37:38.330Z", "user": 1, "content_type": 9, "object_id": "2", "object_repr": "НАИВНЫЕ ВОПРОСЫ ХУДОЖНИКУ", "action_flag": 2, "change_message": "[{\"changed\": {\"fields\": [\"\\u0421\\u0442\\u0430\\u0442\\u0443\\u0441 \\u043f\\u0443\\u0431\\u043b\\u0438\\u043a\\u0430\\u0446\\u0438\\u0438\"]}}]"}}, {"model": "admin.logentry", "pk": 105, "fields": {"action_time": "2024-04-25T19:42:25.174Z", "user": 1, "content_type": 9, "object_id": "3", "object_repr": "АРТ–КАРТЕЛЬ СОВМЕСТНОЕ ИЗУЧЕНИЕ", "action_flag": 2, "change_message": "[{\"changed\": {\"fields\": [\"\\u041d\\u0430\\u0437\\u0432\\u0430\\u043d\\u0438\\u0435 \\u043f\\u0440\\u043e\\u0435\\u043a\\u0442\\u0430 [en]\", \"\\u041d\\u0430\\u0437\\u0432\\u0430\\u043d\\u0438\\u0435 \\u043f\\u0440\\u043e\\u0435\\u043a\\u0442\\u0430 [fr]\", \"\\u0421\\u043b\\u043e\\u0433\\u0430\\u043d [ru]\", \"\\u0421\\u043b\\u043e\\u0433\\u0430\\u043d [en]\", \"\\u0421\\u043b\\u043e\\u0433\\u0430\\u043d [fr]\", \"\\u0422\\u0438\\u0442\\u0443\\u043b\\u044c\\u043d\\u043e\\u0435 \\u0438\\u0437\\u043e\\u0431\\u0440\\u0430\\u0436\\u0435\\u043d\\u0438\\u0435\", \"\\u0417\\u0430\\u0433\\u043e\\u043b\\u043e\\u0432\\u043e\\u043a \\u0431\\u043b\\u043e\\u043a\\u0430 \\u043e\\u043f\\u0438\\u0441\\u0430\\u043d\\u0438\\u044f [ru]\", \"\\u0417\\u0430\\u0433\\u043e\\u043b\\u043e\\u0432\\u043e\\u043a \\u0431\\u043b\\u043e\\u043a\\u0430 \\u043e\\u043f\\u0438\\u0441\\u0430\\u043d\\u0438\\u044f [en]\", \"\\u0417\\u0430\\u0433\\u043e\\u043b\\u043e\\u0432\\u043e\\u043a \\u0431\\u043b\\u043e\\u043a\\u0430 \\u043e\\u043f\\u0438\\u0441\\u0430\\u043d\\u0438\\u044f [fr]\", \"\\u041e\\u043f\\u0438\\u0441\\u0430\\u043d\\u0438\\u0435 \\u0431\\u043b\\u043e\\u043a\\u0430 No1 [ru]\", \"\\u041e\\u043f\\u0438\\u0441\\u0430\\u043d\\u0438\\u0435 \\u0431\\u043b\\u043e\\u043a\\u0430 No1 [en]\", \"\\u041e\\u043f\\u0438\\u0441\\u0430\\u043d\\u0438\\u0435 \\u0431\\u043b\\u043e\\u043a\\u0430 No1 [fr]\", \"\\u0418\\u0437\\u043e\\u0431\\u0440\\u0430\\u0436\\u0435\\u043d\\u0438\\u0435 \\u0431\\u043b\\u043e\\u043a\\u0430 No1\", \"\\u041e\\u043f\\u0438\\u0441\\u0430\\u043d\\u0438\\u0435 \\u0431\\u043b\\u043e\\u043a\\u0430 No2 [ru]\", \"\\u041e\\u043f\\u0438\\u0441\\u0430\\u043d\\u0438\\u0435 \\u0431\\u043b\\u043e\\u043a\\u0430 No2 [en]\", \"\\u041e\\u043f\\u0438\\u0441\\u0430\\u043d\\u0438\\u0435 \\u0431\\u043b\\u043e\\u043a\\u0430 No2 [fr]\", \"\\u0418\\u0437\\u043e\\u0431\\u0440\\u0430\\u0436\\u0435\\u043d\\u0438\\u0435 \\u0431\\u043b\\u043e\\u043a\\u0430 No2\", \"\\u0413\\u0430\\u043b\\u0435\\u0440\\u0435\\u0438\", \"\\u041d\\u0430\\u0448\\u0438 \\u0441\\u043a\\u0438\\u043b\\u043b\\u044b\"]}}]"}}, {"model": "auth.permission", "pk": 1, "fields": {"name": "Can add log entry", "content_type": 1, "codename": "add_logentry"}}, {"model": "auth.permission", "pk": 2, "fields": {"name": "Can change log entry", "content_type": 1, "codename": "change_logentry"}}, {"model": "auth.permission", "pk": 3, "fields": {"name": "Can delete log entry", "content_type": 1, "codename": "delete_logentry"}}, {"model": "auth.permission", "pk": 4, "fields": {"name": "Can view log entry", "content_type": 1, "codename": "view_logentry"}}, {"model": "auth.permission", "pk": 5, "fields": {"name": "Can add permission", "content_type": 2, "codename": "add_permission"}}, {"model": "auth.permission", "pk": 6, "fields": {"name": "Can change permission", "content_type": 2, "codename": "change_permission"}}, {"model": "auth.permission", "pk": 7, "fields": {"name": "Can delete permission", "content_type": 2, "codename": "delete_permission"}}, {"model": "auth.permission", "pk": 8, "fields": {"name": "Can view permission", "content_type": 2, "codename": "view_permission"}}, {"model": "auth.permission", "pk": 9, "fields": {"name": "Can add group", "content_type": 3, "codename": "add_group"}}, {"model": "auth.permission", "pk": 10, "fields": {"name": "Can change group", "content_type": 3, "codename": "change_group"}}, {"model": "auth.permission", "pk": 11, "fields": {"name": "Can delete group", "content_type": 3, "codename": "delete_group"}}, {"model": "auth.permission", "pk": 12, "fields": {"name": "Can view group", "content_type": 3, "codename": "view_group"}}, {"model": "auth.permission", "pk": 13, "fields": {"name": "Can add user", "content_type": 4, "codename": "add_user"}}, {"model": "auth.permission", "pk": 14, "fields": {"name": "Can change user", "content_type": 4, "codename": "change_user"}}, {"model": "auth.permission", "pk": 15, "fields": {"name": "Can delete user", "content_type": 4, "codename": "delete_user"}}, {"model": "auth.permission", "pk": 16, "fields": {"name": "Can view user", "content_type": 4, "codename": "view_user"}}, {"model": "auth.permission", "pk": 17, "fields": {"name": "Can add content type", "content_type": 5, "codename": "add_contenttype"}}, {"model": "auth.permission", "pk": 18, "fields": {"name": "Can change content type", "content_type": 5, "codename": "change_contenttype"}}, {"model": "auth.permission", "pk": 19, "fields": {"name": "Can delete content type", "content_type": 5, "codename": "delete_contenttype"}}, {"model": "auth.permission", "pk": 20, "fields": {"name": "Can view content type", "content_type": 5, "codename": "view_contenttype"}}, {"model": "auth.permission", "pk": 21, "fields": {"name": "Can add session", "content_type": 6, "codename": "add_session"}}, {"model": "auth.permission", "pk": 22, "fields": {"name": "Can change session", "content_type": 6, "codename": "change_session"}}, {"model": "auth.permission", "pk": 23, "fields": {"name": "Can delete session", "content_type": 6, "codename": "delete_session"}}, {"model": "auth.permission", "pk": 24, "fields": {"name": "Can view session", "content_type": 6, "codename": "view_session"}}, {"model": "auth.permission", "pk": 25, "fields": {"name": "Can add Автор", "content_type": 7, "codename": "add_author"}}, {"model": "auth.permission", "pk": 26, "fields": {"name": "Can change Автор", "content_type": 7, "codename": "change_author"}}, {"model": "auth.permission", "pk": 27, "fields": {"name": "Can delete Автор", "content_type": 7, "codename": "delete_author"}}, {"model": "auth.permission", "pk": 28, "fields": {"name": "Can view Автор", "content_type": 7, "codename": "view_author"}}, {"model": "auth.permission", "pk": 29, "fields": {"name": "Can add Основная страница", "content_type": 8, "codename": "add_landingpage"}}, {"model": "auth.permission", "pk": 30, "fields": {"name": "Can change Основная страница", "content_type": 8, "codename": "change_landingpage"}}, {"model": "auth.permission", "pk": 31, "fields": {"name": "Can delete Основная страница", "content_type": 8, "codename": "delete_landingpage"}}, {"model": "auth.permission", "pk": 32, "fields": {"name": "Can view Основная страница", "content_type": 8, "codename": "view_landingpage"}}, {"model": "auth.permission", "pk": 33, "fields": {"name": "Can add Проект", "content_type": 9, "codename": "add_project"}}, {"model": "auth.permission", "pk": 34, "fields": {"name": "Can change Проект", "content_type": 9, "codename": "change_project"}}, {"model": "auth.permission", "pk": 35, "fields": {"name": "Can delete Проект", "content_type": 9, "codename": "delete_project"}}, {"model": "auth.permission", "pk": 36, "fields": {"name": "Can view Проект", "content_type": 9, "codename": "view_project"}}, {"model": "auth.permission", "pk": 37, "fields": {"name": "Can add Галерея", "content_type": 10, "codename": "add_gallery"}}, {"model": "auth.permission", "pk": 38, "fields": {"name": "Can change Галерея", "content_type": 10, "codename": "change_gallery"}}, {"model": "auth.permission", "pk": 39, "fields": {"name": "Can delete Галерея", "content_type": 10, "codename": "delete_gallery"}}, {"model": "auth.permission", "pk": 40, "fields": {"name": "Can view Галерея", "content_type": 10, "codename": "view_gallery"}}, {"model": "auth.permission", "pk": 41, "fields": {"name": "Can add Что мы умеем?", "content_type": 11, "codename": "add_whatblock"}}, {"model": "auth.permission", "pk": 42, "fields": {"name": "Can change Что мы умеем?", "content_type": 11, "codename": "change_whatblock"}}, {"model": "auth.permission", "pk": 43, "fields": {"name": "Can delete Что мы умеем?", "content_type": 11, "codename": "delete_whatblock"}}, {"model": "auth.permission", "pk": 44, "fields": {"name": "Can view Что мы умеем?", "content_type": 11, "codename": "view_whatblock"}}, {"model": "auth.permission", "pk": 45, "fields": {"name": "Can add Тема обращения обратной связи", "content_type": 12, "codename": "add_themes"}}, {"model": "auth.permission", "pk": 46, "fields": {"name": "Can change Тема обращения обратной связи", "content_type": 12, "codename": "change_themes"}}, {"model": "auth.permission", "pk": 47, "fields": {"name": "Can delete Тема обращения обратной связи", "content_type": 12, "codename": "delete_themes"}}, {"model": "auth.permission", "pk": 48, "fields": {"name": "Can view Тема обращения обратной связи", "content_type": 12, "codename": "view_themes"}}, {"model": "auth.permission", "pk": 49, "fields": {"name": "Can add Обратная связь", "content_type": 13, "codename": "add_feedback"}}, {"model": "auth.permission", "pk": 50, "fields": {"name": "Can change Обратная связь", "content_type": 13, "codename": "change_feedback"}}, {"model": "auth.permission", "pk": 51, "fields": {"name": "Can delete Обратная связь", "content_type": 13, "codename": "delete_feedback"}}, {"model": "auth.permission", "pk": 52, "fields": {"name": "Can view Обратная связь", "content_type": 13, "codename": "view_feedback"}}, {"model": "auth.user", "pk": 1, "fields": {"password": "pbkdf2_sha256$720000$ewOhLdzP0pGYE9zgBcjkvL$c/Bjn+4g8x2Aif01pbKRPJLL+P596ZeN46bdpjo54tM=", "last_login": "2024-04-25T16:22:53.406Z", "is_superuser": true, "username": "snob", "first_name": "", "last_name": "", "email": "", "is_staff": true, "is_active": true, "date_joined": "2024-04-25T16:22:32.177Z", "groups": [], "user_permissions": []}}, {"model": "contenttypes.contenttype", "pk": 1, "fields": {"app_label": "admin", "model": "logentry"}}, {"model": "contenttypes.contenttype", "pk": 2, "fields": {"app_label": "auth", "model": "permission"}}, {"model": "contenttypes.contenttype", "pk": 3, "fields": {"app_label": "auth", "model": "group"}}, {"model": "contenttypes.contenttype", "pk": 4, "fields": {"app_label": "auth", "model": "user"}}, {"model": "contenttypes.contenttype", "pk": 5, "fields": {"app_label": "contenttypes", "model": "contenttype"}}, {"model": "contenttypes.contenttype", "pk": 6, "fields": {"app_label": "sessions", "model": "session"}}, {"model": "contenttypes.contenttype", "pk": 7, "fields": {"app_label": "gallery", "model": "author"}}, {"model": "contenttypes.contenttype", "pk": 8, "fields": {"app_label": "gallery", "model": "landingpage"}}, {"model": "contenttypes.contenttype", "pk": 9, "fields": {"app_label": "gallery", "model": "project"}}, {"model": "contenttypes.contenttype", "pk": 10, "fields": {"app_label": "gallery", "model": "gallery"}}, {"model": "contenttypes.contenttype", "pk": 11, "fields": {"app_label": "gallery", "model": "whatblock"}}, {"model": "contenttypes.contenttype", "pk": 12, "fields": {"app_label": "gallery", "model": "themes"}}, {"model": "contenttypes.contenttype", "pk": 13, "fields": {"app_label": "gallery", "model": "feedback"}}, {"model": "sessions.session", "pk": "j0v4uv9fbur88l02a62h6vl53mb6p17u", "fields": {"session_data": ".eJxVjEEOwiAURO_C2pDC_1Bw6b5nIMAHqRqalHZlvLsl6UKTWc17M2_m_L4Vt7e0upnYlQl2-e2Cj89UO6CHr_eFx6Vu6xx4V_hJG58WSq_b6f4dFN_KsUarIFsUGPWQRyshSCWRkrYxgpECE4yetFTaGE2DVT1AhAAhHwL7fAGuKDZk:1s01s5:P9Ves6EGROXcrlMgqysP_GccWXg0fZmTyp4gBnZUSic", "expire_date": "2024-05-09T16:22:53.411Z"}}, {"model": "gallery.gallery", "pk": 1, "fields": {"user": 1, "author": 5, "title": "Проект №1 – Арт-дайвинг", "title_ru": "Проект №1 – Арт-дайвинг", "title_en": "Project No. 1 – Art diving", "title_fr": "Projet n°1 – Plongée artistique", "content_text": null, "content_text_ru": null, "content_text_en": null, "content_text_fr": null, "content_picture": "photos/2024/04/25/card_5_1StateHover_SizeL.png", "content": "", "content_ru": "", "content_en": "", "content_fr": "", "publication_date": "2024-04-25T18:35:52.871Z", "publication_update": "2024-04-25T18:41:55.952Z"}}, {"model": "gallery.gallery", "pk": 2, "fields": {"user": 1, "author": 2, "title": "Проект №2– Арт-дайвинг", "title_ru": "Проект №2– Арт-дайвинг", "title_en": "Project No. 2 – Art diving", "title_fr": "Projet n°1 – Plongée artistique", "content_text": null, "content_text_ru": null, "content_text_en": null, "content_text_fr": null, "content_picture": "photos/2024/04/25/card_5_2StateHover_SizeL.png", "content": "", "content_ru": "", "content_en": "", "content_fr": "", "publication_date": "2024-04-25T18:36:59.238Z", "publication_update": "2024-04-25T18:42:57.771Z"}}, {"model": "gallery.gallery", "pk": 3, "fields": {"user": 1, "author": 1, "title": "Проект №3 – Арт-дайвинг", "title_ru": "Проект №3 – Арт-дайвинг", "title_en": "Project No. 3– Art diving", "title_fr": "Projet n°3 – Plongée artistique", "content_text": null, "content_text_ru": null, "content_text_en": null, "content_text_fr": null, "content_picture": "photos/2024/04/25/card_5_3StateHover_SizeL.png", "content": "", "content_ru": "", "content_en": "", "content_fr": "", "publication_date": "2024-04-25T18:38:35.279Z", "publication_update": "2024-04-25T18:43:37.274Z"}}, {"model": "gallery.gallery", "pk": 4, "fields": {"user": 1, "author": 6, "title": "Проект №4 – Арт-дайвинг", "title_ru": "Проект №4 – Арт-дайвинг", "title_en": "Project No. 4 – Art diving", "title_fr": "Projet n°4 – Plongée artistique", "content_text": null, "content_text_ru": null, "content_text_en": null, "content_text_fr": null, "content_picture": "photos/2024/04/25/card_5_4StateHover_SizeL.png", "content": "", "content_ru": "", "content_en": "", "content_fr": "", "publication_date": "2024-04-25T18:39:00.510Z", "publication_update": "2024-04-25T18:44:09.042Z"}}, {"model": "gallery.gallery", "pk": 5, "fields": {"user": 1, "author": 5, "title": "Проект №5 – Арт-дайвинг", "title_ru": "Проект №5 – Арт-дайвинг", "title_en": "Project No. 5 – Art diving", "title_fr": "Projet n°5 – Plongée artistique", "content_text": null, "content_text_ru": null, "content_text_en": null, "content_text_fr": null, "content_picture": "photos/2024/04/25/card_5_5StateHover_SizeL.png", "content": "", "content_ru": "", "content_en": "", "content_fr": "", "publication_date": "2024-04-25T18:39:42.747Z", "publication_update": "2024-04-25T18:44:40.492Z"}}, {"model": "gallery.gallery", "pk": 6, "fields": {"user": 1, "author": 5, "title": "Проект №1 – Наивные вопросы художнику", "title_ru": "Проект №1 – Наивные вопросы художнику", "title_en": "Project No. 1 – Naive questions for the artist", "title_fr": "Projet n°1 – Questions naïves pour l’artiste", "content_text": null, "content_text_ru": null, "content_text_en": null, "content_text_fr": null, "content_picture": "photos/2024/04/25/card_5_1StateHover_SizeL_koBryZP.png", "content": "", "content_ru": "", "content_en": "", "content_fr": "", "publication_date": "2024-04-25T18:45:14.307Z", "publication_update": "2024-04-25T18:53:56.409Z"}}, {"model": "gallery.gallery", "pk": 7, "fields": {"user": 1, "author": 4, "title": "Проект №2 – Наивные вопросы художнику", "title_ru": "Проект №2 – Наивные вопросы художнику", "title_en": "Project No. 2 – Naive questions for the artist", "title_fr": "Projet n°2 – Questions naïves pour l’artiste", "content_text": null, "content_text_ru": null, "content_text_en": null, "content_text_fr": null, "content_picture": "photos/2024/04/25/card_5_3StateHover_SizeL_24H97ez.png", "content": "", "content_ru": "", "content_en": "", "content_fr": "", "publication_date": "2024-04-25T18:51:13.084Z", "publication_update": "2024-04-25T18:54:09.899Z"}}, {"model": "gallery.gallery", "pk": 8, "fields": {"user": 1, "author": 5, "title": "Проект №3 – Наивные вопросы художнику", "title_ru": "Проект №3 – Наивные вопросы художнику", "title_en": "Project No. 3 – Naive questions for the artist", "title_fr": "Projet n°3 – Questions naïves pour l’artiste", "content_text": null, "content_text_ru": null, "content_text_en": null, "content_text_fr": null, "content_picture": "photos/2024/04/25/card_5_4StateHover_SizeL_wiqq3zd.png", "content": "", "content_ru": "", "content_en": "", "content_fr": "", "publication_date": "2024-04-25T18:52:08.706Z", "publication_update": "2024-04-25T18:54:22.821Z"}}, {"model": "gallery.gallery", "pk": 9, "fields": {"user": 1, "author": 5, "title": "Проект №4 – Наивные вопросы художнику", "title_ru": "Проект №4 – Наивные вопросы художнику", "title_en": "Project No. 4 – Naive questions for the artist", "title_fr": "Projet n°4 – Questions naïves pour l’artiste", "content_text": null, "content_text_ru": null, "content_text_en": null, "content_text_fr": null, "content_picture": "photos/2024/04/25/card_5_5StateHover_SizeL_jykvcfQ.png", "content": "", "content_ru": "", "content_en": "", "content_fr": "", "publication_date": "2024-04-25T18:52:48.538Z", "publication_update": "2024-04-25T18:54:35.267Z"}}, {"model": "gallery.gallery", "pk": 10, "fields": {"user": 1, "author": 4, "title": "Проект №1 – Арт-картель", "title_ru": "Проект №1 – Арт-картель", "title_en": "Project No. 1 – Art Cartel", "title_fr": "Projet n°1 – Cartel des arts", "content_text": null, "content_text_ru": null, "content_text_en": null, "content_text_fr": null, "content_picture": "photos/2024/04/25/card_5_2StateHover_SizeL_WTNk2Pc.png", "content": "", "content_ru": "", "content_en": "", "content_fr": "", "publication_date": "2024-04-25T18:54:39.165Z", "publication_update": "2024-04-25T18:55:41.594Z"}}, {"model": "gallery.gallery", "pk": 11, "fields": {"user": 1, "author": 4, "title": "Проект №2 – Арт-картель", "title_ru": "Проект №2 – Арт-картель", "title_en": "Project No. 2 – Art Cartel", "title_fr": "Projet n°2 – Cartel des arts", "content_text": null, "content_text_ru": null, "content_text_en": null, "content_text_fr": null, "content_picture": "photos/2024/04/25/card_5_3StateHover_SizeL_lhlO8hA.png", "content": "", "content_ru": "", "content_en": "", "content_fr": "", "publication_date": "2024-04-25T18:55:46.195Z", "publication_update": "2024-04-25T18:56:08.405Z"}}, {"model": "gallery.gallery", "pk": 12, "fields": {"user": 1, "author": 4, "title": "Проект №3 – Арт-картель", "title_ru": "Проект №3 – Арт-картель", "title_en": "Project No. 3 – Art Cartel", "title_fr": "Projet n°3 – Cartel des arts", "content_text": null, "content_text_ru": null, "content_text_en": null, "content_text_fr": null, "content_picture": "photos/2024/04/25/card_5_4StateHover_SizeL_7EoORW3.png", "content": "", "content_ru": "", "content_en": "", "content_fr": "", "publication_date": "2024-04-25T18:56:13.254Z", "publication_update": "2024-04-25T18:56:41.755Z"}}, {"model": "gallery.gallery", "pk": 13, "fields": {"user": 1, "author": 4, "title": "Проект №4 – Арт-картель", "title_ru": "Проект №4 – Арт-картель", "title_en": "Project No. 4 – Art Cartel", "title_fr": "Projet n°4 – Cartel des arts", "content_text": null, "content_text_ru": null, "content_text_en": null, "content_text_fr": null, "content_picture": "photos/2024/04/25/card_5_5StateHover_SizeL_6NB9jov.png", "content": "", "content_ru": "", "content_en": "", "content_fr": "", "publication_date": "2024-04-25T18:56:47.376Z", "publication_update": "2024-04-25T18:57:07.132Z"}}, {"model": "gallery.author", "pk": 1, "fields": {"email": "mail@mail.com", "phone": "9012345678", "name": "Михаил Смирнов", "name_ru": "Михаил Смирнов", "name_en": "Mikhail Smirnov", "name_fr": "Mikhaïl Smirnov", "photo": "photos/2024/04/25/Снимок_экрана_2024-04-06_в_19.30.04.png", "brand_name": "Точки зрения", "brand_name_ru": "Точки зрения", "brand_name_en": "Points of view", "brand_name_fr": "Points de vue", "biography": "Digital artist: создание музыкальной подложки для  арт-дайвинга в галерее \"Сестры Асламазян\".", "biography_ru": "Digital artist: создание музыкальной подложки для  арт-дайвинга в галерее \"Сестры Асламазян\".", "biography_en": "Digital artist: creating a musical background for art diving in the Aslamazyan Sisters gallery.", "biography_fr": "Artiste numérique : création d'un fond musical pour une plongée artistique dans la galerie Aslamazyan Sisters.", "time_add": "2024-04-25T16:40:09.102Z", "time_update": "2024-04-25T17:04:48.364Z"}}, {"model": "gallery.author", "pk": 2, "fields": {"email": "mail@mail.com", "phone": "9012345678", "name": "Алексей Степов", "name_ru": "Алексей Степов", "name_en": "Alexey Stepov", "name_fr": "Alexeï Stepov", "photo": "photos/2024/04/25/Снимок_экрана_2024-04-06_в_19.29.44.png", "brand_name": "Точки зрения", "brand_name_ru": "Точки зрения", "brand_name_en": "Points of view", "brand_name_fr": "Points de vue", "biography": "Sound engineer: звуковые эффекты для картины “Отсутствующие основания”.", "biography_ru": "Sound engineer: звуковые эффекты для картины “Отсутствующие основания”.", "biography_en": "Sound engineer: sound effects for the film “Missing Foundations”.", "biography_fr": "Ingénieur du son : effets sonores pour le film «Missing Foundations».", "time_add": "2024-04-25T16:40:16.569Z", "time_update": "2024-04-25T17:03:40.253Z"}}, {"model": "gallery.author", "pk": 3, "fields": {"email": "mail@mail.com", "phone": "9012345678", "name": "Артур Манукян", "name_ru": "Артур Манукян", "name_en": "Arthur Manukyan", "name_fr": "Arthur Manukian", "photo": "photos/2024/04/25/Снимок_экрана_2024-04-06_в_20.26.15.png", "brand_name": "Точки зрения", "brand_name_ru": "Точки зрения", "brand_name_en": "Points of view", "brand_name_fr": "Points de vue", "biography": "Музыкант, звуко-режиссер: музыка к арт-дайвингу на выставке “Россия нулевых: случайный кадр”.", "biography_ru": "Музыкант, звуко-режиссер: музыка к арт-дайвингу на выставке “Россия нулевых: случайный кадр”.", "biography_en": "Musician, sound director: music for art diving at the exhibition “Russia of the 2000s: random shot.”", "biography_fr": "Musicien, directeur du son : musique pour la plongée artistique à l'exposition « La Russie des années 2000 : plan aléatoire ».", "time_add": "2024-04-25T16:40:52.737Z", "time_update": "2024-04-25T17:01:55.755Z"}}, {"model": "gallery.author", "pk": 4, "fields": {"email": "mail@mail.com", "phone": "9012345678", "name": "Анна Гунина", "name_ru": "Анна Гунина", "name_en": "Anna Gunina", "name_fr": "Anna Gunina", "photo": "photos/2024/04/25/Снимок_экрана_2024-04-06_в_20.31.29.png", "brand_name": "Точки зрения", "brand_name_ru": "Точки зрения", "brand_name_en": "Points of view", "brand_name_fr": "Points de vue", "biography": "Дизайн: айдентика лаборатории, разработка визуального стиля.", "biography_ru": "Дизайн: айдентика лаборатории, разработка визуального стиля.", "biography_en": "Design: laboratory identity, visual style development.", "biography_fr": "Design : identité du laboratoire, développement du style visuel.", "time_add": "2024-04-25T16:43:22.565Z", "time_update": "2024-04-25T17:00:43.084Z"}}, {"model": "gallery.author", "pk": 5, "fields": {"email": "mail@mail.com", "phone": "9012345678", "name": "Роза Сайфулина", "name_ru": "Роза Сайфулина", "name_en": "Rosa Sayfulina", "name_fr": "Rosa Sayfulina", "photo": "photos/2024/04/25/Снимок_экрана_2024-04-06_в_21.31.58.png", "brand_name": "Точки зрения", "brand_name_ru": "Точки зрения", "brand_name_en": "Points of view", "brand_name_fr": "Points de vue", "biography": "Видеомонтаж “Наивных вопросов художнику”, оцифровка картин галереи Асламазян для арт-дайвинга.", "biography_ru": "Видеомонтаж “Наивных вопросов художнику”, оцифровка картин галереи Асламазян для арт-дайвинга.", "biography_en": "Video editing of “Naive questions for the artist”, digitization of paintings from the Aslamazyan gallery for art diving.", "biography_fr": "Montage vidéo de « Questions naïves pour l'artiste », numérisation de peintures de la galerie Aslamazyan pour la plongée artistique.", "time_add": "2024-04-25T16:45:48.311Z", "time_update": "2024-04-25T16:59:14.347Z"}}, {"model": "gallery.author", "pk": 6, "fields": {"email": "mail@mail.com", "phone": "9012345678", "name": "Дарья Володина", "name_ru": "Дарья Володина", "name_en": "Daria Volodina", "name_fr": "Daria Volodina", "photo": "photos/2024/04/25/Снимок_экрана_2024-04-25_в_13.04.23_Bo5W3im.png", "brand_name": "Точки зрения", "brand_name_ru": "Точки зрения", "brand_name_en": "Points of view", "brand_name_fr": "Points de vue", "biography": "Оператор и фотограф проекта “Наивные вопросы художнику”.", "biography_ru": "Оператор и фотограф проекта “Наивные вопросы художнику”.", "biography_en": "Cameraman and photographer of the project “Naive Questions for the Artist”.", "biography_fr": "Caméraman et photographe du projet « Questions naïves pour l'artiste ».", "time_add": "2024-04-25T16:47:38.196Z", "time_update": "2024-04-25T16:58:22.838Z"}}, {"model": "gallery.author", "pk": 7, "fields": {"email": "mail@mail.com", "phone": "9012345678", "name": "Генри Аведян", "name_ru": "Генри Аведян", "name_en": "Henry Avedian", "name_fr": "Henri Avedian", "photo": "photos/2024/04/25/Снимок_экрана_2024-04-25_в_13.00.46_ADZ0yn5.png", "brand_name": "Точки зрения", "brand_name_ru": "Точки зрения", "brand_name_en": "Points of view", "brand_name_fr": "Points de vue", "biography": "Озвучка на иностранных языках.", "biography_ru": "Озвучка на иностранных языках.", "biography_en": "Voice acting in foreign languages.", "biography_fr": "Voix en langues étrangères.", "time_add": "2024-04-25T16:49:12.709Z", "time_update": "2024-04-25T16:56:24.005Z"}}, {"model": "gallery.author", "pk": 8, "fields": {"email": "mail@mail.com", "phone": "9012345678", "name": "Люсиль Коллард", "name_ru": "Люсиль Коллард", "name_en": "Lucille Collard", "name_fr": "Lucille Collard", "photo": "photos/2024/04/25/Снимок_экрана_2024-04-25_в_13.02.53_3gR8I2L.png", "brand_name": "Точки зрения", "brand_name_ru": "Точки зрения", "brand_name_en": "Points of view", "brand_name_fr": "Points de vue", "biography": "Озвучка на иностранных языках.", "biography_ru": "Озвучка на иностранных языках.", "biography_en": "Voice acting in foreign languages.", "biography_fr": "Voix en langues étrangères.", "time_add": "2024-04-25T16:50:41.482Z", "time_update": "2024-04-25T16:55:57.508Z"}}, {"model": "gallery.author", "pk": 9, "fields": {"email": "mail@mail.com", "phone": "9012345678", "name": "Андрей Гунявин", "name_ru": "Андрей Гунявин", "name_en": "Andrey Gunyavin", "name_fr": "Andreï Gounyavine", "photo": "photos/2024/04/25/Снимок_экрана_2024-04-06_в_21.15.28.png", "brand_name": "Точки зрения", "brand_name_ru": "Точки зрения", "brand_name_en": "Points of view", "brand_name_fr": "Points de vue", "biography": "Куратор арт-лаборатории \"Точки зрения\".", "biography_ru": "Куратор арт-лаборатории \"Точки зрения\".", "biography_en": "Curator of the art laboratory \"Points of View\".", "biography_fr": "Conservateur du laboratoire d'art \"Points de Vue\".", "time_add": "2024-04-25T16:53:28.129Z", "time_update": "2024-04-25T16:55:21.117Z"}}, {"model": "gallery.project", "pk": 1, "fields": {"name": "АРТ–ДАЙВИНГ ПОЛНОЕ ПОГРУЖЕНИЕ", "name_ru": "АРТ–ДАЙВИНГ ПОЛНОЕ ПОГРУЖЕНИЕ", "name_en": "Art diving full immersion", "name_fr": "Plongée artistique en immersion totale", "slug": "artdajving-polnoe-pogruzhenie", "description": "ПРОЧУВСТВУЙ ПРОИЗВЕДЕНИЕ", "description_ru": "ПРОЧУВСТВУЙ ПРОИЗВЕДЕНИЕ", "description_en": "FEEL THE WORK", "description_fr": "SENTIR LE TRAVAIL", "image_project": "photos_project/2024/04/25/Rectangle_140_uabVfxI.png", "title_block_description": "Арт-дайвинг — это аудио–сеансы погружения в картину в стенах галереи", "title_block_description_ru": "Арт-дайвинг — это аудио–сеансы погружения в картину в стенах галереи", "title_block_description_en": "Art diving is an audio session of immersing yourself in a painting within the walls of a gallery.", "title_block_description_fr": "Art Diving est une séance audio consistant à s'immerger dans un tableau entre les murs d'une galerie", "block_description_one": "Музыка проступает в качестве камертона, настраивая зрителя на неспешное усердное созерцание. Голос обращает его внимание \r\nна детали произведения. \r\n\r\nВ ходе арт-медиации преображается восприятие произведения, смещаясь \r\nот беглых оценок, к более глубокому пониманию картины художника.", "block_description_one_ru": "Музыка проступает в качестве камертона, настраивая зрителя на неспешное усердное созерцание. Голос обращает его внимание \r\nна детали произведения. \r\n\r\nВ ходе арт-медиации преображается восприятие произведения, смещаясь \r\nот беглых оценок, к более глубокому пониманию картины художника.", "block_description_one_en": "Music appears as a tuning fork, setting the viewer up for leisurely, diligent contemplation. A voice draws his attention\r\non the details of the work.\r\n\r\nDuring art mediation, the perception of the work is transformed, shifting\r\nfrom cursory assessments to a deeper understanding of the artist’s painting.", "block_description_one_fr": "La musique apparaît comme un diapason, incitant le spectateur à une contemplation tranquille et assidue. Une voix attire son attention\r\nsur les détails des travaux.\r\n\r\nLors de la médiation artistique, la perception de l'œuvre se transforme, se déplaçant\r\ndepuis des évaluations superficielles jusqu’à une compréhension plus approfondie de la peinture de l’artiste.", "image_block_one": "photos_project/block1/2024/04/25/Frame_7.png", "block_description_two": "Сближение с произведением искусства требует времени, подобно тому, как написание картины. Это длительный процесс, в ходе которого количество наносимых слоев превышает порой сотню, пока не будет достигнут удовлетворяющий художника результат. \r\n\r\nЛогично предположить, что и процесс восприятия мог бы устремляться \r\nк временной равнозначности процессу создания.", "block_description_two_ru": "Сближение с произведением искусства требует времени, подобно тому, как написание картины. Это длительный процесс, в ходе которого количество наносимых слоев превышает порой сотню, пока не будет достигнут удовлетворяющий художника результат. \r\n\r\nЛогично предположить, что и процесс восприятия мог бы устремляться \r\nк временной равнозначности процессу создания.", "block_description_two_en": "Getting close to a work of art takes time, just like painting a painting. This is a long process, during which the number of layers applied sometimes exceeds a hundred, until a result satisfactory to the artist is achieved.\r\n\r\nIt is logical to assume that the process of perception could also rush\r\nto temporal equivalence to the process of creation.", "block_description_two_fr": "Se rapprocher d’une œuvre d’art prend du temps, tout comme peindre un tableau. Il s'agit d'un long processus, au cours duquel le nombre de couches appliquées dépasse parfois la centaine, jusqu'à obtenir un résultat satisfaisant pour l'artiste.\r\n\r\nIl est logique de supposer que le processus de perception pourrait également se précipiter\r\nà l’équivalence temporelle avec le processus de création.", "image_block_two": "photos_project/block2/2024/04/25/Frame_8.png", "time_add": "2024-04-25T19:10:06.953Z", "time_update": "2024-04-25T19:14:37.640Z", "is_published": true, "implementation": [1, 2, 3, 4, 5], "what_block": [1, 2, 3, 4]}}, {"model": "gallery.project", "pk": 2, "fields": {"name": "НАИВНЫЕ ВОПРОСЫ ХУДОЖНИКУ", "name_ru": "НАИВНЫЕ ВОПРОСЫ ХУДОЖНИКУ", "name_en": "NAIVE QUESTIONS FOR AN ARTIST", "name_fr": "QUESTIONS Naïves POUR UN ARTISTE", "slug": "naivnye-voprosy-hudozhniku", "description": "ПРОСВЕЩЕНИЕ", "description_ru": "ПРОСВЕЩЕНИЕ", "description_en": "EDUCATION", "description_fr": "ÉDUCATION", "image_project": "photos_project/2024/04/25/Rectangle_143-1.png", "title_block_description": "НАИВНЫЕ ВОПРОСЫ ХУДОЖНИКУ —  ЭТО ВИДЕОИНТЕРВЬЮ, НА КОТОРЫХ ХУДОЖНИК РАСКРЫВАЕТСЯ  С ЧЕЛОВЕЧЕСКОГО РАКУРСА", "title_block_description_ru": "НАИВНЫЕ ВОПРОСЫ ХУДОЖНИКУ —  ЭТО ВИДЕОИНТЕРВЬЮ, НА КОТОРЫХ ХУДОЖНИК РАСКРЫВАЕТСЯ  С ЧЕЛОВЕЧЕСКОГО РАКУРСА", "title_block_description_en": "NAIVE QUESTIONS FOR THE ARTIST IS A VIDEO INTERVIEW IN WHICH THE ARTIST IS DISCOVERED FROM A HUMAN PERSPECTIVE", "title_block_description_fr": "QUESTIONS NAIVES POUR L'ARTISTE EST UNE INTERVIEW VIDÉO DANS LAQUELLE L'ARTISTE EST DÉCOUVERT D'UN POINT DE VUE HUMAIN", "block_description_one": "Человеку интересен не художник, а именно человек: с человеческой судьбой, понятными радостями и сложностями. \r\n\r\nДанный проект показывает и рассказывает о том, что предшествует рождению произведений \r\n — об извилистых тропах жизни художника. \r\n\r\nЗритель слышит голос художника, узнаёт его мировозрение. Так он способен посмотреть глазами художника на его произведение, прочувствовать замысел.", "block_description_one_ru": "Человеку интересен не художник, а именно человек: с человеческой судьбой, понятными радостями и сложностями. \r\n\r\nДанный проект показывает и рассказывает о том, что предшествует рождению произведений \r\n — об извилистых тропах жизни художника. \r\n\r\nЗритель слышит голос художника, узнаёт его мировозрение. Так он способен посмотреть глазами художника на его произведение, прочувствовать замысел.", "block_description_one_en": "A person is not interested in an artist, but in a person: with a human destiny, understandable joys and difficulties.\r\n\r\nThis project shows and talks about what precedes the birth of works\r\n — about the winding paths of an artist’s life.\r\n\r\nThe viewer hears the artist’s voice and recognizes his worldview. So he is able to look through the eyes of the artist at his work, to feel the idea.", "block_description_one_fr": "Une personne ne s'intéresse pas à un artiste, mais à une personne : avec un destin humain, des joies et des difficultés compréhensibles.\r\n\r\nCe projet montre et parle de ce qui précède la naissance des œuvres\r\n — sur les chemins sinueux de la vie d’un artiste.\r\n\r\nLe spectateur entend la voix de l’artiste et reconnaît sa vision du monde. Il est ainsi capable de regarder son travail à travers les yeux de l'artiste, d'en ressentir l'idée.", "image_block_one": "photos_project/block1/2024/04/25/Ayumi_Adachi-2.png", "block_description_two": "Проект «наивные вопросы» открывает зрителю:\r\n \r\n– возможность настроить себя на восприятие работ художника \r\n\r\n– задуматься над самой масштабной и противоречивой работой – над картиной мира художника\r\n\r\nСквозь «наивные вопросы» художник становится ближе зрителю.", "block_description_two_ru": "Проект «наивные вопросы» открывает зрителю:\r\n \r\n– возможность настроить себя на восприятие работ художника \r\n\r\n– задуматься над самой масштабной и противоречивой работой – над картиной мира художника\r\n\r\nСквозь «наивные вопросы» художник становится ближе зрителю.", "block_description_two_en": "The “naive questions” project reveals to the viewer:\r\n \r\n– the opportunity to tune yourself to the perception of the artist’s works\r\n\r\n– think about the most ambitious and controversial work – the artist’s picture of the world\r\n\r\nThrough “naive questions” the artist becomes closer to the viewer.", "block_description_two_fr": "Le projet « Questions naïves » révèle au spectateur :\r\n \r\n– la possibilité de se mettre à l’écoute de la perception des œuvres de l’artiste\r\n\r\n– pensez à l’œuvre la plus ambitieuse et controversée – la vision du monde de l’artiste\r\n\r\nA travers des « questions naïves », l’artiste se rapproche du spectateur.", "image_block_two": "photos_project/block2/2024/04/25/Frame_47814-3.png", "time_add": "2024-04-25T19:13:04.194Z", "time_update": "2024-04-25T19:37:38.313Z", "is_published": true, "implementation": [6, 7, 8, 9], "what_block": [5, 6, 7]}}, {"model": "gallery.project", "pk": 3, "fields": {"name": "АРТ–КАРТЕЛЬ СОВМЕСТНОЕ ИЗУЧЕНИЕ", "name_ru": "АРТ–КАРТЕЛЬ СОВМЕСТНОЕ ИЗУЧЕНИЕ", "name_en": "ART-CARTEL JOINT STUDY", "name_fr": "ÉTUDE CONJOINTE ART-CARTEL", "slug": "artkartel-sovmestnoe-izuchenie", "description": "ПРОСВЕЩЕНИЕ", "description_ru": "ПРОСВЕЩЕНИЕ", "description_en": "EDUCATION", "description_fr": "ÉDUCATION", "image_project": "photos_project/2024/04/25/Rectangle_1.png", "title_block_description": "КЛЮЧЕВОЙ МАНИФЕСТ АРТ-КАРТЕЛЯ: ГЛАВЕНСТВО РАЗНЫХ ТОЧЕК ЗРЕНИЯ", "title_block_description_ru": "КЛЮЧЕВОЙ МАНИФЕСТ АРТ-КАРТЕЛЯ: ГЛАВЕНСТВО РАЗНЫХ ТОЧЕК ЗРЕНИЯ", "title_block_description_en": "KEY MANIFESTO OF THE ART CARTEL: THE PRIORITY OF DIFFERENT POINTS OF VIEW", "title_block_description_fr": "MANIFESTE CLÉ DU CARTEL DES ARTS : LA PRIORITÉ DES DIFFÉRENTS POINTS DE VUE", "block_description_one": "Арт-картель – это форма совместного изучения интересующего, без учителя и господствующей точки зрения, единственно правильной.\r\n\r\nВ формате малой группы 8-10 человек мы самостоятельно изучаем материал и обсуждаем его на онлайн встречах.", "block_description_one_ru": "Арт-картель – это форма совместного изучения интересующего, без учителя и господствующей точки зрения, единственно правильной.\r\n\r\nВ формате малой группы 8-10 человек мы самостоятельно изучаем материал и обсуждаем его на онлайн встречах.", "block_description_one_en": "An art cartel is a form of joint study of something of interest, without a teacher and the dominant point of view, the only correct one.\r\n\r\nIn a small group format of 8-10 people, we independently study the material and discuss it in online meetings.", "block_description_one_fr": "Un cartel d'art est une forme d'étude conjointe de quelque chose d'intéressant, sans professeur et sans le point de vue dominant, le seul correct.\r\n\r\nDans un petit groupe de 8 à 10 personnes, nous étudions le matériel de manière indépendante et en discutons lors de réunions en ligne.", "image_block_one": "photos_project/block1/2024/04/25/Art_cartel_hall-2.png", "block_description_two": "Арт картель – это форма совместной работы над самообразование.\r\n\r\nМы вместе ищем информацию и много общаемся. Мы обнаруживаем совершенно разные точки зрения и подходы к пониманию. \r\n\r\nУчастие в картеле подразумевает объемную работу по подготовке докладов, компактной \r\nи его изложения, подготовке собственной речи.", "block_description_two_ru": "Арт картель – это форма совместной работы над самообразование.\r\n\r\nМы вместе ищем информацию и много общаемся. Мы обнаруживаем совершенно разные точки зрения и подходы к пониманию. \r\n\r\nУчастие в картеле подразумевает объемную работу по подготовке докладов, компактной \r\nи его изложения, подготовке собственной речи.", "block_description_two_en": "Art cartel is a form of joint work on self-education.\r\n\r\nWe search for information together and communicate a lot. We discover completely different points of view and approaches to understanding.\r\n\r\nParticipation in a cartel involves extensive work on preparing reports, compact\r\nand its presentation, preparing your own speech.", "block_description_two_fr": "Le cartel artistique est une forme de travail commun sur l'auto-éducation.\r\n\r\nNous recherchons des informations ensemble et communiquons beaucoup. Nous découvrons des points de vue et des approches de compréhension complètement différents.\r\n\r\nLa participation à une entente implique un travail approfondi de préparation de rapports, de compacts\r\net sa présentation, en préparant votre propre discours.", "image_block_two": "photos_project/block2/2024/04/25/Frame_23-3.png", "time_add": "2024-04-25T19:14:18.637Z", "time_update": "2024-04-25T19:42:25.155Z", "is_published": true, "implementation": [10, 11, 12, 13], "what_block": [8, 9, 10]}}, {"model": "gallery.themes", "pk": 1, "fields": {"name": "КАРТИНЫ", "name_ru": "КАРТИНЫ", "name_en": "PAINTINGS", "name_fr": "PEINTURES"}}, {"model": "gallery.themes", "pk": 2, "fields": {"name": "МУЗЫКА", "name_ru": "МУЗЫКА", "name_en": "MUSIC", "name_fr": "MUSIQUE"}}, {"model": "gallery.themes", "pk": 3, "fields": {"name": "ДИЗАЙН", "name_ru": "ДИЗАЙН", "name_en": "DESIGN", "name_fr": "CONCEPTION"}}, {"model": "gallery.themes", "pk": 4, "fields": {"name": "ВИДЕО", "name_ru": "ВИДЕО", "name_en": "VIDЕO", "name_fr": "VIDÉO"}}, {"model": "gallery.themes", "pk": 5, "fields": {"name": "ФОТОГРАФИЯ", "name_ru": "ФОТОГРАФИЯ", "name_en": "PHOTO", "name_fr": "PHOTO"}}, {"model": "gallery.themes", "pk": 6, "fields": {"name": "ДРУГОЕ", "name_ru": "ДРУГОЕ", "name_en": "OTHER", "name_fr": "AUTRE"}}, {"model": "gallery.whatblock", "pk": 1, "fields": {"image": "photos_what_block/image_2.png", "title": "ПРОВЕСТИ", "title_ru": "ПРОВЕСТИ", "title_en": "CONDUCT", "title_fr": "CONDUIRE", "text": "В ходе арт–медиации делаем из каждого зрителя «сенсор», отражающий  его впечатление  от произведения.", "text_ru": "В ходе арт–медиации делаем из каждого зрителя «сенсор», отражающий  его впечатление  от произведения.", "text_en": "During art mediation, we make each viewer a “sensor” that reflects his impression from the work", "text_fr": "Lors de la médiation artistique, nous faisons de chaque spectateur un « capteur » qui reflète son impression du travail"}}, {"model": "gallery.whatblock", "pk": 2, "fields": {"image": "photos_what_block/image_4.png", "title": "ДОПОЛНИТЬ", "title_ru": "ДОПОЛНИТЬ", "title_en": "ADD", "title_fr": "AJOUTER", "text": "Можем написать звуковое или музыкальное сопровождение", "text_ru": "Можем написать звуковое или музыкальное сопровождение", "text_en": "We can write sound or musical accompaniment", "text_fr": "Nous pouvons écrire un accompagnement sonore ou musical"}}, {"model": "gallery.whatblock", "pk": 3, "fields": {"image": "photos_what_block/image_3.png", "title": "ПЕРЕВЕСТИ", "title_ru": "ПЕРЕВЕСТИ", "title_en": "TRANSLATE", "title_fr": "TRADUIRE", "text": "Можем сопроводить актёрский переводом  на 3-х языках (русский, английский, французский)", "text_ru": "Можем сопроводить актёрский переводом  на 3-х языках (русский, английский, французский)", "text_en": "We can provide an actor's translation in 3 languages (Russian, English, French)", "text_fr": "Nous pouvons fournir la traduction d'un acteur en 3 langues (russe, anglais, français)"}}, {"model": "gallery.whatblock", "pk": 4, "fields": {"image": "photos_what_block/image_5.png", "title": "ПРЕПОДНЕСТИ", "title_ru": "ПРЕПОДНЕСТИ", "title_en": "PRESENT", "title_fr": "PRÉSENT", "text": "Преподнести ментально, эмоционально, материально (произведение искусства может быть объектом вложений)", "text_ru": "Преподнести ментально, эмоционально, материально (произведение искусства может быть объектом вложений)", "text_en": "Present mentally, emotionally, materially (a work of art can be an object of investment)", "text_fr": "Présenter mentalement, émotionnellement, matériellement (une œuvre d’art peut être un objet d’investissement)"}}, {"model": "gallery.whatblock", "pk": 5, "fields": {"image": "photos_what_block/Frame_47796.png", "title": "РАСКРЫТЬ ХУДОЖНИКА", "title_ru": "РАСКРЫТЬ ХУДОЖНИКА", "title_en": "REVEAL THE ARTIST", "title_fr": "RÉVÉLEZ L'ARTISTE", "text": "Решаем проблему конфликта с художником: художник человек, контекст его биографии это предтеча им создаваемого", "text_ru": "Решаем проблему конфликта с художником: художник человек, контекст его биографии это предтеча им создаваемого", "text_en": "We solve the problem of conflict with the artist: the artist is a person, the context of his biography is the forerunner of what he creates", "text_fr": "Nous résolvons le problème du conflit avec l'artiste : l'artiste est une personne, le contexte de sa biographie est le précurseur de ce qu'il crée"}}, {"model": "gallery.whatblock", "pk": 6, "fields": {"image": "photos_what_block/image_7.png", "title": "ПЕРЕДАТЬ ВИЗУАЛЬНО", "title_ru": "ПЕРЕДАТЬ ВИЗУАЛЬНО", "title_en": "CONVEY VISUALLY", "title_fr": "TRANSMETTRE VISUELLEMENT", "text": "У нас видеотворчество— используем и снятый  на камеру материал,  и эксперменты AI, так, чтобы выглядело под стать художнику", "text_ru": "У нас видеотворчество— используем и снятый  на камеру материал,  и эксперменты AI, так, чтобы выглядело под стать художнику", "text_en": "We have video creativity - we also use filmed on camera material, and AI experiments, so that it looks like an artist", "text_fr": "Nous avons de la créativité vidéo - nous utilisons également des vidéos filmées sur le matériel de la caméra, et des expériences d'IA, pour qu'il ressemble à un artiste"}}, {"model": "gallery.whatblock", "pk": 7, "fields": {"image": "photos_what_block/image_8.png", "title": "ОФОРМИТЬ", "title_ru": "ОФОРМИТЬ", "title_en": "DESIGN", "title_fr": "CONCEPTION", "text": "Художник должен быть найден и по смежным запросам. Осуществляется дубляж на английском языке", "text_ru": "Художник должен быть найден и по смежным запросам. Осуществляется дубляж на английском языке", "text_en": "The artist must also be found for related queries. Dubbing in English is carried out", "text_fr": "L'artiste doit également être retrouvé pour les requêtes connexes. Le doublage en anglais est effectué"}}, {"model": "gallery.whatblock", "pk": 8, "fields": {"image": "photos_what_block/Frame_47796_rW76UjQ.png", "title": "ПРОСВЕЩАЕМ", "title_ru": "ПРОСВЕЩАЕМ", "title_en": "WE ENLIGHTEN", "title_fr": "NOUS ÉCLAIRONS", "text": "В картеле главенствуют горизонтальные связи  и отсутствует позиция сверху, того, кто знает лучше", "text_ru": "В картеле главенствуют горизонтальные связи  и отсутствует позиция сверху, того, кто знает лучше", "text_en": "The cartel is dominated by horizontal connections and there is no position at the top, the one who knows best", "text_fr": "Le cartel est dominé par des connexions horizontales et il n'y a pas de position au sommet, celui qui sait le mieux"}}, {"model": "gallery.whatblock", "pk": 9, "fields": {"image": "photos_what_block/image_7_hySdA7M.png", "title": "ВЫБИРАЕМ ТЕМЫ", "title_ru": "ВЫБИРАЕМ ТЕМЫ", "title_en": "SELECTING TOPICS", "title_fr": "SÉLECTION DES SUJETS", "text": "Как понять современное искусство? Как cлушать музыку? Английский для творческих профессий", "text_ru": "Как понять современное искусство? Как cлушать музыку? Английский для творческих профессий", "text_en": "How to understand contemporary art? How to listen to music? English for creative professions", "text_fr": "Comment comprendre l’art contemporain ? Comment écouter de la musique ? Anglais pour les métiers créatifs"}}, {"model": "gallery.whatblock", "pk": 10, "fields": {"image": "photos_what_block/image_9.png", "title": "ФОРМИРУЕМ ТОЧКУ ЗРЕНИЯ", "title_ru": "ФОРМИРУЕМ ТОЧКУ ЗРЕНИЯ", "title_en": "FORMING A POINT OF VIEW", "title_fr": "FORMER UN POINT DE VUE", "text": "Дискутируем, иногда спорим, развивая новые ассоциативные связи, овладевая понятийным аппаратом и критическим мышлением", "text_ru": "Дискутируем, иногда спорим, развивая новые ассоциативные связи, овладевая понятийным аппаратом и критическим мышлением", "text_en": "We discuss, sometimes argue, developing new associative connections, mastering the conceptual apparatus and critical thinking", "text_fr": "Nous discutons, discutons parfois, développons de nouvelles connexions associatives, maîtrisons l'appareil conceptuel et la pensée critique."}}]